http://www.ottavio.com,Camarillo,Ottavio's Italian Restaurant,93010,,(805) 484-9049,http://www.yellowpages.com/camarillo-ca/mip/ottavios-italian-restaurant-11410449?lid=1000108741420,3.5 stars,CA,-119.04926,"1620 Ventura Blvd,",34.217243,http://www.yellowpages.com/camarillo-ca/restaurants
http://www.roundtablepizza.com/order?id=138,Camarillo,Round Table Pizza,93010,,(805) 484-8900,http://www.yellowpages.com/camarillo-ca/mip/round-table-pizza-479834019?lid=1000084702512,4.0 stars,CA,-119.03896,"880 Arneill Rd,",34.22575,http://www.yellowpages.com/camarillo-ca/restaurants
http://www.ricsrestaurant.com,Camarillo,Ric's Restaurant,93010,,(805) 389-9919,http://www.yellowpages.com/camarillo-ca/mip/rics-restaurant-22255487?lid=22255487,4.0 stars,CA,-119.03708,"2500 Las Posas Rd,",34.236954,http://www.yellowpages.com/camarillo-ca/restaurants
http://www.woodranch.com/restaurants/Camarillo,Camarillo,Wood Ranch BBQ & Grill,93010,,(805) 482-1202,http://www.yellowpages.com/camarillo-ca/mip/wood-ranch-bbq-grill-2705826?lid=2705826,4.5 stars,CA,-119.05551,"1101 E Daily Dr,",34.21831,http://www.yellowpages.com/camarillo-ca/restaurants
http://www.lurefishhouse.com/,Camarillo,Lure Fish House,93010,,(805) 388-5556,http://www.yellowpages.com/camarillo-ca/mip/lure-fish-house-466027806?lid=466027806,5.0 stars,CA,-119.07503,"259 W Ventura Blvd,",34.21667,http://www.yellowpages.com/camarillo-ca/restaurants
http://www.veronatrattoria.com,Camarillo,Verona Trattoria,93010,,(805) 383-7576,http://www.yellowpages.com/camarillo-ca/mip/verona-trattoria-1086118?lid=1086118,5.0 stars,CA,-119.036736,"2485 Ventura Blvd,",34.216267,http://www.yellowpages.com/camarillo-ca/restaurants
http://www.safirebistro.com,Camarillo,Safire Restaurant,93012,,(805) 389-1227,http://www.yellowpages.com/camarillo-ca/mip/safire-restaurant-13086087?lid=13086087,4.0 stars,CA,-119.00612,"4850 Santa Rosa Rd,",34.21639,http://www.yellowpages.com/camarillo-ca/restaurants
http://www.stfrancisbbq.com,Camarillo,St Francis BBQ,93012,,(805) 388-9555,http://www.yellowpages.com/camarillo-ca/mip/st-francis-bbq-9605607?lid=9605607,2.0 stars,CA,-119.00397,"4952 Verdugo Way,",34.21547,http://www.yellowpages.com/camarillo-ca/restaurants
http://www.brendans.com,Camarillo,Brendans Camarillo,93010,,(805) 383-4100,http://www.yellowpages.com/camarillo-ca/mip/brendans-camarillo-461998762?lid=461998762,0.0 stars,CA,-119.04727,"1755 E Daily Dr,",34.21784,http://www.yellowpages.com/camarillo-ca/restaurants
http://www.chestersasia.com,Camarillo,Chester's Asia Chinese Restaurant,93010,,(805) 482-6564,http://www.yellowpages.com/camarillo-ca/mip/chesters-asia-chinese-restaurant-30598346?lid=30598346,2.0 stars,CA,,"2216 Pickwick Drive,",,http://www.yellowpages.com/camarillo-ca/restaurants
http://www.mariecallenders.com,Camarillo,Marie Callendar's,93010,,(805) 987-5580,http://www.yellowpages.com/camarillo-ca/mip/marie-callendars-3029?lid=3029,0.0 stars,CA,-119.06774,"185 E Daily Dr,",34.220894,http://www.yellowpages.com/camarillo-ca/restaurants
http://www.cronies.com/,Camarillo,Cronie's Sports Grill,93010,,(805) 482-5900,http://www.yellowpages.com/camarillo-ca/mip/cronies-sports-grill-8245458?lid=8245458,5.0 stars,CA,-119.054375,"370 N Lantana St,",34.238247,http://www.yellowpages.com/camarillo-ca/restaurants
http://calgrill.com/,Camarillo,California Grill,93010,,(805) 987-1922,http://www.yellowpages.com/camarillo-ca/mip/california-grill-10827376?lid=10827376,4.5 stars,CA,-119.068306,"67 E Daily Dr,",34.22176,http://www.yellowpages.com/camarillo-ca/restaurants
http://www.banditsbbq.com,Camarillo,Bandits Grill & Bar,93010,,(805) 445-4742,http://www.yellowpages.com/camarillo-ca/mip/bandits-grill-bar-454999118?lid=454999118,3.5 stars,CA,-119.04399,"1980 Ventura Blvd,",34.217045,http://www.yellowpages.com/camarillo-ca/restaurants
http://www.eltecolote.com,Camarillo,El Tecolote Restaurant,93012,,(805) 482-4318,http://www.yellowpages.com/camarillo-ca/mip/el-tecolote-restaurant-11452025?lid=11452025,5.0 stars,CA,-119.03618,"333 N Lewis Rd,",34.21353,http://www.yellowpages.com/camarillo-ca/restaurants
,Camarillo,Chuy's Mesquite Broiler,93010,,(805) 445-9444,http://www.yellowpages.com/camarillo-ca/mip/chuys-mesquite-broiler-771509?lid=771509,1.0 stars,CA,-119.05076,"311 Carmen Dr,",34.21928,http://www.yellowpages.com/camarillo-ca/restaurants
,Camarillo,Pastabilities Restaurants,93012,,(805) 383-3388,http://www.yellowpages.com/camarillo-ca/mip/pastabilities-restaurants-30847693?lid=30847693,0.0 stars,CA,-119.00425,"4910 Verdugo Way,",34.215626,http://www.yellowpages.com/camarillo-ca/restaurants
http://www.cucinaisabella.com,Camarillo,Cucina Isabella,93010,,(805) 482-0663,http://www.yellowpages.com/camarillo-ca/mip/cucina-isabella-1407378?lid=1407378,2.5 stars,CA,-119.0507,"455 Carmen Dr,",34.2201,http://www.yellowpages.com/camarillo-ca/restaurants
http://www.mooresseafood.com,Camarillo,Moore's Seafood,93010,,(805) 384-9277,http://www.yellowpages.com/camarillo-ca/mip/moores-seafood-15606697?lid=15606697,0.0 stars,CA,-119.18391,"631 Carnation Pl,",34.222458,http://www.yellowpages.com/camarillo-ca/restaurants
,Camarillo,Texas Cattle Co,93010,,(805) 383-2770,http://www.yellowpages.com/camarillo-ca/mip/texas-cattle-co-374175?lid=374175,5.0 stars,CA,-119.03892,"710 Arneill Rd,",34.223686,http://www.yellowpages.com/camarillo-ca/restaurants
http://www.rudyscamarillo.com,Camarillo,Rudy's Restaurant,93010,,(805) 383-9100,http://www.yellowpages.com/camarillo-ca/mip/rudys-restaurant-458842168?lid=458842168,0.0 stars,CA,-119.03701,"2508 Las Posas Rd Ste D,",34.23697,http://www.yellowpages.com/camarillo-ca/restaurants
http://www.johnnyrockets.com,Camarillo,Johnny Rockets,93010,,(805) 383-1888,http://www.yellowpages.com/camarillo-ca/mip/johnny-rockets-30849632?lid=30849632,0.0 stars,CA,-119.06676,"640 Ventura Blvd,",34.21686,http://www.yellowpages.com/camarillo-ca/restaurants
http://www.damoresfamouspizza.com/,Camarillo,D'Amore's Famous Pizza,93010,,(805) 445-6534,http://www.yellowpages.com/camarillo-ca/mip/damores-famous-pizza-22531519?lid=22531519,2.0 stars,CA,-119.05478,"300 N Lantana St,",34.23708,http://www.yellowpages.com/camarillo-ca/restaurants
,Camarillo,Off The Hook Mexican Seafood,93010,,(805) 987-3030,http://www.yellowpages.com/camarillo-ca/mip/off-the-hook-mexican-seafood-468838561?lid=468838561,4.0 stars,CA,-119.04608,"1775 E Daily Dr,",34.217823,http://www.yellowpages.com/camarillo-ca/restaurants
,Camarillo,Great Central Steak & Hoagie,93010,,(805) 987-6902,http://www.yellowpages.com/camarillo-ca/mip/great-central-steak-hoagie-1787739?lid=1787739,2.0 stars,CA,-119.03901,"235 Arneill Rd,",34.218853,http://www.yellowpages.com/camarillo-ca/restaurants
http://www.chili-peppers.net,Camarillo,Chili Peppers,93010,,(805) 482-8180,http://www.yellowpages.com/camarillo-ca/mip/chili-peppers-471099358?lid=471099358,0.0 stars,CA,-119.0429,"601 Mobil Ave Ste J,",34.22226,http://www.yellowpages.com/camarillo-ca/restaurants
http://www.dennys.com/,Camarillo,Denny's,93010,,(805) 484-4137,http://www.yellowpages.com/camarillo-ca/mip/dennys-4263176?lid=4263176,3.5 stars,CA,-119.04894,"1659 E Daily Dr,",34.2182,http://www.yellowpages.com/camarillo-ca/restaurants
http://www.valentinos.com,Camarillo,Valentino's,93010,,(805) 482-7777,http://www.yellowpages.com/camarillo-ca/mip/valentinos-461997089?lid=461997089,0.0 stars,CA,-119.069786,"562 Las Posas Rd,",34.222248,http://www.yellowpages.com/camarillo-ca/restaurants
,Camarillo,Nona's Italian Deli,93010,,(805) 445-1984,http://www.yellowpages.com/camarillo-ca/mip/nonas-italian-deli-13596807?lid=13596807,0.0 stars,CA,-119.04487,"1904 Ventura Blvd,",34.21713,http://www.yellowpages.com/camarillo-ca/restaurants?page=2
http://www.numerounopizzeria.com,Camarillo,Numero Uno,93010,,(805) 389-4700,http://www.yellowpages.com/camarillo-ca/mip/numero-uno-4370782?lid=4370782,4.0 stars,CA,-119.039,"365 Arneill Rd,",34.22053,http://www.yellowpages.com/camarillo-ca/restaurants?page=2
http://www.pizzahut.com,Camarillo,Pizza Hut,93010,,(805) 987-5000,http://www.yellowpages.com/camarillo-ca/mip/pizza-hut-2991425?lid=2991425,4.0 stars,CA,-119.03901,"210 Arneill Rd,",34.2184,http://www.yellowpages.com/camarillo-ca/restaurants?page=2
http://www.jjbrewskys.com,Camarillo,JJ Brewsky's,93010,,(805) 482-5249,http://www.yellowpages.com/camarillo-ca/mip/jj-brewskys-7183436?lid=7183436,2.5 stars,CA,-119.03719,"2433 Ventura Blvd,",34.216312,http://www.yellowpages.com/camarillo-ca/restaurants?page=2
http://www.panerabread.com/,Camarillo,Panera Bread,93010,,(805) 484-1414,http://www.yellowpages.com/camarillo-ca/mip/panera-bread-459663301?lid=459663301,4.0 stars,CA,-119.061844,"740 Ventura Blvd,",34.218082,http://www.yellowpages.com/camarillo-ca/restaurants?page=2
,Camarillo,Basil & Mint,93010,,(805) 482-9993,http://www.yellowpages.com/camarillo-ca/mip/basil-mint-475168155?lid=475168155,0.0 stars,CA,-119.05448,"350 N Lantana St,",34.238125,http://www.yellowpages.com/camarillo-ca/restaurants?page=2
,Camarillo,Curry Leaf,93012,,(805) 482-8880,http://www.yellowpages.com/camarillo-ca/mip/curry-leaf-8969945?lid=8969945,2.0 stars,CA,-118.998344,"5253 Mission Oaks Blvd,",34.228325,http://www.yellowpages.com/camarillo-ca/restaurants?page=2
http://www.thechillngrill.com/special-tea-drinks-flavored-teas-fountain-drinks/,Camarillo,Chill N'Grill,93010,,(805) 482-2635,http://www.yellowpages.com/camarillo-ca/mip/chill-ngrill-480179799?lid=480179799,0.0 stars,CA,-119.04608,"1775 E Daily Dr,",34.217823,http://www.yellowpages.com/camarillo-ca/restaurants?page=2
http://www.themoneypancho.com/,Camarillo,Money Pancho Mexican,93010,,(805) 484-0591,http://www.yellowpages.com/camarillo-ca/mip/money-pancho-mexican-466237149?lid=466237149,0.0 stars,CA,-119.02125,"3661 Las Posas Rd Ste 165,",34.240868,http://www.yellowpages.com/camarillo-ca/restaurants?page=2
http://www.elreycantina.com,Camarillo,El Rey Cantina,93010,,(805) 484-4433,http://www.yellowpages.com/camarillo-ca/mip/el-rey-cantina-451587826?lid=451587826,0.0 stars,CA,-119.039055,"2302 Ventura Blvd,",34.216526,http://www.yellowpages.com/camarillo-ca/restaurants?page=2
http://www.yamatosrestaurants.com,Camarillo,Yamato Restaurant,93010,,(805) 383-9000,http://www.yellowpages.com/camarillo-ca/mip/yamato-restaurant-455548826?lid=455548826,0.0 stars,CA,-119.04467,"1901 E Daily Dr,",34.21776,http://www.yellowpages.com/camarillo-ca/restaurants?page=2
http://www.eggsnthings.net,Camarillo,Eggs-N-Things,93010,,(805) 987-4497,http://www.yellowpages.com/camarillo-ca/mip/eggs-n-things-3818364?lid=3818364,0.0 stars,CA,-119.06781,"92 E Daily Dr,",34.221638,http://www.yellowpages.com/camarillo-ca/restaurants?page=2
http://www.hiddencafe.biz/,Camarillo,Hidden Cafe,93012,,(805) 484-9674,http://www.yellowpages.com/camarillo-ca/mip/hidden-cafe-475588527?lid=475588527,0.0 stars,CA,-118.9872,"795 Camarillo Springs Rd,",34.20226,http://www.yellowpages.com/camarillo-ca/restaurants?page=2
,Camarillo,Fresh Concepts Icc,93010,,(805) 383-5928,http://www.yellowpages.com/camarillo-ca/mip/fresh-concepts-icc-8271017?lid=8271017,0.0 stars,CA,-119.07814,"305 Durley Ave,",34.208668,http://www.yellowpages.com/camarillo-ca/restaurants?page=2
,Camarillo,Cherry Blosom,93010,,(805) 482-6730,http://www.yellowpages.com/camarillo-ca/mip/cherry-blosom-30598324?lid=30598324,0.0 stars,CA,-119.03949,"2272 Pickwick Dr,",34.222275,http://www.yellowpages.com/camarillo-ca/restaurants?page=2
http://www.goodmorningcafecamarillo.com,Camarillo,Good Morning Cafe,93010,,(805) 437-6081,http://www.yellowpages.com/camarillo-ca/mip/good-morning-cafe-470554592?lid=470554592,5.0 stars,CA,-119.039,"315 Arneill Rd,",34.22004,http://www.yellowpages.com/camarillo-ca/restaurants?page=2
,Camarillo,Urbane Cafe,93010,,(805) 482-5747,http://www.yellowpages.com/camarillo-ca/mip/urbane-cafe-480731405?lid=480731405,0.0 stars,CA,-119.044876,"1855 E Daily Dr,",34.217773,http://www.yellowpages.com/camarillo-ca/restaurants?page=2
,Camarillo,Lombardo's Gourmet Deli & Meat,93010,,(805) 482-7318,http://www.yellowpages.com/camarillo-ca/mip/lombardos-gourmet-deli-meat-3288311?lid=3288311,0.0 stars,CA,-119.0428,"695 Mobil Ave,",34.223045,http://www.yellowpages.com/camarillo-ca/restaurants?page=2
,Camarillo,Dorothy's Chuck Wagon,93010,,(805) 987-2167,http://www.yellowpages.com/camarillo-ca/mip/dorothys-chuck-wagon-10731537?lid=10731537,0.0 stars,CA,-119.03835,"2344 Ventura Blvd,",34.21646,http://www.yellowpages.com/camarillo-ca/restaurants?page=2
http://www.camarillocafeindia.com/,Camarillo,Cafe India,93010,,(805) 987-8537,http://www.yellowpages.com/camarillo-ca/mip/cafe-india-15454765?lid=15454765,3.5 stars,CA,-119.04608,"1775 E Daily Dr,",34.217823,http://www.yellowpages.com/camarillo-ca/restaurants?page=2
http://www.tortillasgrill.com,Camarillo,Tortillas Grill,93012,,(805) 445-9696,http://www.yellowpages.com/camarillo-ca/mip/tortillas-grill-7069404?lid=7069404,0.0 stars,CA,-119.04224,"45 Rincon Dr,",34.164585,http://www.yellowpages.com/camarillo-ca/restaurants?page=2
,Camarillo,Happy Bowl Express,93010,,(805) 482-1121,http://www.yellowpages.com/camarillo-ca/mip/happy-bowl-express-1052494?lid=1052494,0.0 stars,CA,-119.03892,"716 Arneill Rd,",34.22372,http://www.yellowpages.com/camarillo-ca/restaurants?page=2
,Camarillo,Shanghai International Film,93010,,(805) 482-2792,http://www.yellowpages.com/camarillo-ca/mip/shanghai-international-film-481185110?lid=481185110,0.0 stars,CA,-119.06749,"75 Marine View Dr,",34.239586,http://www.yellowpages.com/camarillo-ca/restaurants?page=2
http://www.yolandasmexicancafe.com,Camarillo,Yolanda's of Camarillo,93010,,(805) 389-9922,http://www.yellowpages.com/camarillo-ca/mip/yolandas-of-camarillo-9839121?lid=9839121,4.0 stars,CA,-119.067825,"86 E Daily Dr,",34.221645,http://www.yellowpages.com/camarillo-ca/restaurants?page=2
http://drinkblenders.com,Camarillo,Blenders In the Grass,93010,,(805) 482-4507,http://www.yellowpages.com/camarillo-ca/mip/blenders-in-the-grass-458894437?lid=458894437,0.0 stars,CA,-119.03701,"2508 Las Posas Rd Ste C,",34.23697,http://www.yellowpages.com/camarillo-ca/restaurants?page=2
http://www.mooresseafood.com,Camarillo,Moores Seafood,93010,,(805) 384-9277,http://www.yellowpages.com/camarillo-ca/mip/moores-seafood-30865879?lid=30865879,0.0 stars,CA,-119.066635,"640 Piropo Ct,",34.248993,http://www.yellowpages.com/camarillo-ca/restaurants?page=2
http://www.pizzahut.com/wingstreet,Camarillo,WingStreet,93010,,(805) 987-5000,http://www.yellowpages.com/camarillo-ca/mip/wingstreet-453580479?lid=453580479,0.0 stars,CA,-119.03901,"210 Arneill Rd,",34.2184,http://www.yellowpages.com/camarillo-ca/restaurants?page=2
,Camarillo,Caltex Foods West Inc,93012,,(805) 484-8233,http://www.yellowpages.com/camarillo-ca/mip/caltex-foods-west-inc-464748915?lid=464748915,0.0 stars,CA,-119.05072,"4511 N Lewis Rd,",34.22289,http://www.yellowpages.com/camarillo-ca/restaurants?page=2
http://www.tacone.com,Camarillo,Tacone Flavor Grill,93012,,(805) 484-6026,http://www.yellowpages.com/camarillo-ca/mip/tacone-flavor-grill-18281089?lid=18281089,0.0 stars,CA,-119.003746,"5021 Verdugo Way,",34.215366,http://www.yellowpages.com/camarillo-ca/restaurants?page=2
,Camarillo,Taqueria Potrillos,93010,,(805) 388-5845,http://www.yellowpages.com/camarillo-ca/mip/taqueria-potrillos-5738079?lid=5738079,0.0 stars,CA,-119.035,"2650 Ventura Blvd,",34.216114,http://www.yellowpages.com/camarillo-ca/restaurants?page=2
,Camarillo,Pizzeria Bianco Rosso,93010,,(805) 484-1312,http://www.yellowpages.com/camarillo-ca/mip/pizzeria-bianco-rosso-472103749?lid=472103749,0.0 stars,CA,-119.039,"365 Arneill Rd,",34.22053,http://www.yellowpages.com/camarillo-ca/restaurants?page=3
,Camarillo,Azucar,93012,,(805) 482-0797,http://www.yellowpages.com/camarillo-ca/mip/azucar-480780845?lid=480780845,0.0 stars,CA,-118.998344,"5253 Mission Oaks Blvd,",34.228325,http://www.yellowpages.com/camarillo-ca/restaurants?page=3
,Camarillo,Restaurant Revolution Tchnlg,93010,,(805) 388-5775,http://www.yellowpages.com/camarillo-ca/mip/restaurant-revolution-tchnlg-470557459?lid=470557459,0.0 stars,CA,-119.07837,"295 Willis Ave,",34.20762,http://www.yellowpages.com/camarillo-ca/restaurants?page=3
,Camarillo,Jobus,93012,,(805) 482-7871,http://www.yellowpages.com/camarillo-ca/mip/jobus-469917540?lid=469917540,0.0 stars,CA,-118.9872,"795 Camarillo Springs Rd,",34.20226,http://www.yellowpages.com/camarillo-ca/restaurants?page=3
,Camarillo,Lucerne,93010,,(805) 383-5777,http://www.yellowpages.com/camarillo-ca/mip/lucerne-4528682?lid=4528682,0.0 stars,CA,,,,http://www.yellowpages.com/camarillo-ca/restaurants?page=3
http://villapizza.com/,Camarillo,Villa Pizza,93010,,(805) 484-9190,http://www.yellowpages.com/camarillo-ca/mip/villa-pizza-10875991?lid=10875991,4.0 stars,CA,-119.061844,"740 Ventura Blvd,",34.218082,http://www.yellowpages.com/camarillo-ca/restaurants?page=3
http://www.littlecaesars.com,Camarillo,Little Caesars Pizza,93010,,(805) 484-1433,http://www.yellowpages.com/camarillo-ca/mip/little-caesars-pizza-475590071?lid=475590071,3.0 stars,CA,-119.04226,"2104 E Ponderosa Dr,",34.22355,http://www.yellowpages.com/camarillo-ca/restaurants?page=3
http://www.losarroyos.net,Camarillo,Los Arroyos Camarillo Mexican Restaurant,93010,,(805) 987-4000,http://www.yellowpages.com/camarillo-ca/mip/los-arroyos-camarillo-mexican-restaurant-467782176?lid=467782176,0.0 stars,CA,-119.06774,"630 Ventura Blvd,",34.2162,http://www.yellowpages.com/camarillo-ca/restaurants?page=3
http://www.snapperjackstacoshack.com,Camarillo,Snapper Jack Taco Shack,93012,,(805) 384-0334,http://www.yellowpages.com/camarillo-ca/mip/snapper-jack-taco-shack-11316500?lid=11316500,0.0 stars,CA,-119.00612,"4850 Santa Rosa Rd,",34.21639,http://www.yellowpages.com/camarillo-ca/restaurants?page=3
,Camarillo,Chuy's Restaurants,93010,,(805) 445-9444,http://www.yellowpages.com/camarillo-ca/mip/chuys-restaurants-478452790?lid=478452790,0.0 stars,CA,-119.06778,"311 E Daily Dr,",34.220238,http://www.yellowpages.com/camarillo-ca/restaurants?page=3
,Camarillo,Bellini Bistro,93010,,(805) 484-1864,http://www.yellowpages.com/camarillo-ca/mip/bellini-bistro-480727440?lid=480727440,0.0 stars,CA,-119.06971,"100 S Las Posas Rd,",34.217865,http://www.yellowpages.com/camarillo-ca/restaurants?page=3
,Camarillo,Caltex Foods West Inc,93012,,(805) 987-5159,http://www.yellowpages.com/camarillo-ca/mip/caltex-foods-west-inc-464722772?lid=464722772,0.0 stars,CA,-119.00427,"4901 Verdugo Way,",34.21564,http://www.yellowpages.com/camarillo-ca/restaurants?page=3
,Camarillo,Rincon Pacific,93010,,(805) 983-1649,http://www.yellowpages.com/camarillo-ca/mip/rincon-pacific-472310641?lid=472310641,0.0 stars,CA,-119.11144,"5352 Beardsley Rd,",34.2307,http://www.yellowpages.com/camarillo-ca/restaurants?page=3
http://www.olasmexgrill.com,Camarillo,Olas Mex Grill,93010,,(805) 484-5566,http://www.yellowpages.com/camarillo-ca/mip/olas-mex-grill-9194145?lid=9194145,5.0 stars,CA,-119.045746,"1860 Ventura Blvd,",34.21722,http://www.yellowpages.com/camarillo-ca/restaurants?page=3
http://www.menedspizzeria.com/,Camarillo,Me-N-Ed's Pizzeria,93010,,(805) 987-1990,http://www.yellowpages.com/camarillo-ca/mip/me-n-eds-pizzeria-471027979?lid=471027979,5.0 stars,CA,-119.03822,"2390 Las Posas Rd,",34.23667,http://www.yellowpages.com/camarillo-ca/restaurants?page=3
http://tonysnypizzeria.com,Camarillo,Tony's New York Pizza,93012,,(805) 445-4400,http://www.yellowpages.com/camarillo-ca/mip/tonys-new-york-pizza-11766780?lid=11766780,4.5 stars,CA,-119.03441,"31 N Lewis Rd,",34.216545,http://www.yellowpages.com/camarillo-ca/restaurants?page=3
http://www.doubleplaypizza.net,Camarillo,Double Play Pizza,93012,,(805) 987-8703,http://www.yellowpages.com/camarillo-ca/mip/double-play-pizza-1453260?lid=1453260,5.0 stars,CA,-118.9985,"5247 Mission Oaks Blvd,",34.228268,http://www.yellowpages.com/camarillo-ca/restaurants?page=3
,Camarillo,Taqueria El Tapatio,93010,,(805) 389-3301,http://www.yellowpages.com/camarillo-ca/mip/taqueria-el-tapatio-11847412?lid=11847412,4.0 stars,CA,-119.039,"345 Arneill Rd,",34.220146,http://www.yellowpages.com/camarillo-ca/restaurants?page=3
http://www.amecipizzaandpasta.com,Camarillo,Ameci Pizza & Pasta,93010,,(805) 482-3031,http://www.yellowpages.com/camarillo-ca/mip/ameci-pizza-pasta-10567892?lid=10567892,1.0 stars,CA,-119.03822,"2390 Las Posas Rd,",34.23667,http://www.yellowpages.com/camarillo-ca/restaurants?page=3
http://www.habitburger.com,Camarillo,The Habit Burger Grill,93010,,(805) 484-2950,http://www.yellowpages.com/camarillo-ca/mip/the-habit-burger-grill-455503272?lid=455503272,0.0 stars,CA,-119.044876,"1855 E Daily Dr,",34.217773,http://www.yellowpages.com/camarillo-ca/restaurants?page=3
,Camarillo,Japan Cafe,93010,,(805) 388-3988,http://www.yellowpages.com/camarillo-ca/mip/japan-cafe-475803577?lid=475803577,0.0 stars,CA,-119.061844,"740 Ventura Blvd # Fc4,",34.218082,http://www.yellowpages.com/camarillo-ca/restaurants?page=3
,Camarillo,Chili Peoppers Restaurant,93010,,(805) 389-4793,http://www.yellowpages.com/camarillo-ca/mip/chili-peoppers-restaurant-480244700?lid=480244700,0.0 stars,CA,-119.01244,"4421 Las Posas Rd,",34.24286,http://www.yellowpages.com/camarillo-ca/restaurants?page=3
http://www.thegreatsteak.com/,Camarillo,The Great Steak & Potato Company,93010,,(805) 445-9700,http://www.yellowpages.com/camarillo-ca/mip/the-great-steak-potato-company-460664900?lid=460664900,5.0 stars,CA,-119.04608,"1775 E Daily Dr Ste G,",34.217823,http://www.yellowpages.com/camarillo-ca/restaurants?page=3
http://www.charleyssteakery.com,Camarillo,Charley's Grilled Subs,93010,,(805) 482-6161,http://www.yellowpages.com/camarillo-ca/mip/charleys-grilled-subs-453577030?lid=453577030,0.0 stars,CA,-119.061844,"740 Ventura Blvd # Fc2,",34.218082,http://www.yellowpages.com/camarillo-ca/restaurants?page=3
http://prestopasta.com,Camarillo,Presto Pasta,93010,,(805) 445-7737,http://www.yellowpages.com/camarillo-ca/mip/presto-pasta-12845779?lid=12845779,4.0 stars,CA,-119.04788,"1701 E Daily Dr,",34.21787,http://www.yellowpages.com/camarillo-ca/restaurants?page=4
http://www.in-n-out.com/,Camarillo,In-N-Out Burger,93010,,(800) 786-1000,http://www.yellowpages.com/camarillo-ca/mip/in-n-out-burger-467819427?lid=467819427,0.0 stars,CA,-119.052376,"1316 Ventura Blvd,",34.21692,http://www.yellowpages.com/camarillo-ca/restaurants?page=4
http://www.carlsjr.com,Camarillo,Carl's Jr.,93010,,(805) 484-4588,http://www.yellowpages.com/camarillo-ca/mip/carls-jr-12879970?lid=12879970,0.0 stars,CA,-119.06979,"401 Las Posas Rd,",34.22154,http://www.yellowpages.com/camarillo-ca/restaurants?page=4
http://www.bobbisburritos.com,Camarillo,Bobbi's Mexican Food Inc,93010,,(805) 484-0103,http://www.yellowpages.com/camarillo-ca/mip/bobbis-mexican-food-inc-8669055?lid=8669055,3.5 stars,CA,-119.05477,"302 N Lantana St,",34.2371,http://www.yellowpages.com/camarillo-ca/restaurants?page=4
http://www.bostonmarket.com/,Camarillo,Boston Market,93010,,(805) 388-6033,http://www.yellowpages.com/camarillo-ca/mip/boston-market-106162?lid=106162,0.0 stars,CA,-119.07332,"191 W Ventura Blvd,",34.215973,http://www.yellowpages.com/camarillo-ca/restaurants?page=4
http://www.wendys.com/,Camarillo,Wendy's,93010,,(805) 484-9480,http://www.yellowpages.com/camarillo-ca/mip/wendys-6215625?lid=6215625,0.0 stars,CA,-119.07266,"149 W Ventura Blvd,",34.21592,http://www.yellowpages.com/camarillo-ca/restaurants?page=4
http://www.wendys.com/,Camarillo,Wendy's,93010,,(805) 987-2666,http://www.yellowpages.com/camarillo-ca/mip/wendys-4250574?lid=4250574,0.0 stars,CA,-119.039,"307 Arneill Rd,",34.220013,http://www.yellowpages.com/camarillo-ca/restaurants?page=4
http://www.tacobell.com/,Camarillo,Taco Bell,93012,,(805) 383-3355,http://www.yellowpages.com/camarillo-ca/mip/taco-bell-17465417?lid=17465417,0.0 stars,CA,-119.01559,"1505 Flynn Rd,",34.23063,http://www.yellowpages.com/camarillo-ca/restaurants?page=4
http://www.tacobell.com/,Camarillo,Taco Bell,93010,,(805) 389-3283,http://www.yellowpages.com/camarillo-ca/mip/taco-bell-14268534?lid=14268534,0.0 stars,CA,-119.0678,"95 E Daily Dr,",34.221634,http://www.yellowpages.com/camarillo-ca/restaurants?page=4
http://www.tacobell.com/,Camarillo,Taco Bell,93010,,(805) 987-3435,http://www.yellowpages.com/camarillo-ca/mip/taco-bell-6266650?lid=6266650,0.0 stars,CA,-119.06157,"445 Rosewood Ave # Q,",34.22015,http://www.yellowpages.com/camarillo-ca/restaurants?page=4
http://www.elpolloloco.com,Camarillo,El Pollo Loco,93010,,(805) 482-4009,http://www.yellowpages.com/camarillo-ca/mip/el-pollo-loco-458992394?lid=458992394,4.0 stars,CA,-119.06189,"399 Las Posas Rd,",34.23109,http://www.yellowpages.com/camarillo-ca/restaurants?page=4
http://www.jerseymikes.com,Camarillo,Jersey Mike's Subs,93012,,(805) 484-5525,http://www.yellowpages.com/camarillo-ca/mip/jersey-mikes-subs-453605514?lid=453605514,0.0 stars,CA,-118.98915,"5800 Santa Rosa Rd,",34.22567,http://www.yellowpages.com/camarillo-ca/restaurants?page=4
http://www.jackinthebox.com/,Camarillo,Jack in the Box,93012,,(805) 484-9339,http://www.yellowpages.com/camarillo-ca/mip/jack-in-the-box-7214487?lid=7214487,0.0 stars,CA,-119.0083,"618 Calle Plano,",34.203136,http://www.yellowpages.com/camarillo-ca/restaurants?page=4
http://www.jackinthebox.com/,Camarillo,Jack in the Box,93012,,(805) 987-5159,http://www.yellowpages.com/camarillo-ca/mip/jack-in-the-box-5872544?lid=5872544,0.0 stars,CA,-119.00427,"4901 Verdugo Way,",34.21564,http://www.yellowpages.com/camarillo-ca/restaurants?page=4
http://www.bajafresh.com,Camarillo,Baja Fresh Mexican Grill,93010,,(805) 383-6884,http://www.yellowpages.com/camarillo-ca/mip/baja-fresh-mexican-grill-452173197?lid=452173197,0.0 stars,CA,-119.044876,"1855 E Daily Dr Ste D,",34.217773,http://www.yellowpages.com/camarillo-ca/restaurants?page=4
,Camarillo,Burger Barn,93012,,(805) 482-5536,http://www.yellowpages.com/camarillo-ca/mip/burger-barn-5505808?lid=5505808,0.0 stars,CA,-119.00496,"5000 Santa Rosa Rd Ste C,",34.21825,http://www.yellowpages.com/camarillo-ca/restaurants?page=4
http://www.bajafresh.com,Camarillo,Baja Fresh Mexican Grill,93012,,(805) 484-6731,http://www.yellowpages.com/camarillo-ca/mip/baja-fresh-mexican-grill-17380599?lid=17380599,0.0 stars,CA,-119.003746,"5021 Verdugo Way,",34.215366,http://www.yellowpages.com/camarillo-ca/restaurants?page=4
http://www.jackinthebox.com/,Camarillo,Jack in the Box,93010,,(805) 484-9443,http://www.yellowpages.com/camarillo-ca/mip/jack-in-the-box-6733716?lid=6733716,5.0 stars,CA,-119.04912,"1650 E Daily Dr,",34.218334,http://www.yellowpages.com/camarillo-ca/restaurants?page=4
http://www.dominos.com/,Camarillo,Domino's,93010,,(805) 383-6666,http://www.yellowpages.com/camarillo-ca/mip/dominos-9416451?lid=9416451,0.0 stars,CA,-119.02125,"3661 Las Posas Rd,",34.240868,http://www.yellowpages.com/camarillo-ca/restaurants?page=4
http://www.jerseymikes.com,Camarillo,Jersey Mike's Subs,93010,,(805) 482-7040,http://www.yellowpages.com/camarillo-ca/mip/jersey-mikes-subs-460635200?lid=460635200,0.0 stars,CA,-119.054375,"370 N Lantana St,",34.238247,http://www.yellowpages.com/camarillo-ca/restaurants?page=5
http://www.deltaco.com/,Camarillo,Del Taco,93010,,(805) 484-7490,http://www.yellowpages.com/camarillo-ca/mip/del-taco-7405272?lid=7405272,5.0 stars,CA,-119.07,"121 W Ventura Blvd,",34.215916,http://www.yellowpages.com/camarillo-ca/restaurants?page=5
http://www.blimpie.com,Camarillo,BLIMPIE Subs & Salads,93012,,(805) 484-7827,http://www.yellowpages.com/camarillo-ca/mip/blimpie-subs-salads-2423635?lid=2423635,5.0 stars,CA,-119.01725,"4035 Adolfo Rd Ste D,",34.229675,http://www.yellowpages.com/camarillo-ca/restaurants?page=5
http://www.jackinthebox.com/,Camarillo,Jack in the Box,93010,,(805) 484-8233,http://www.yellowpages.com/camarillo-ca/mip/jack-in-the-box-2594983?lid=2594983,5.0 stars,CA,-119.011116,"4511 Las Posas Rd,",34.242916,http://www.yellowpages.com/camarillo-ca/restaurants?page=5
http://www.bk.com/,Camarillo,Burger King,93010,,(805) 484-9744,http://www.yellowpages.com/camarillo-ca/mip/burger-king-473454651?lid=473454651,0.0 stars,CA,-119.03901,"181 Arneill Rd,",34.218174,http://www.yellowpages.com/camarillo-ca/restaurants?page=5
http://www.yourpaniniplace.com,Camarillo,Panini Place,93010,,(805) 484-6529,http://www.yellowpages.com/camarillo-ca/mip/panini-place-12777553?lid=12777553,5.0 stars,CA,-119.041145,"2145 Ventura Blvd,",34.216717,http://www.yellowpages.com/camarillo-ca/restaurants?page=5
http://www.menuclub.com,Camarillo,Mission Oak Cafe,93012,,(805) 482-1022,http://www.yellowpages.com/camarillo-ca/mip/mission-oak-cafe-4532781?lid=4532781,0.0 stars,CA,-118.99903,"5227 Mission Oaks Blvd,",34.22807,http://www.yellowpages.com/camarillo-ca/restaurants?page=5
,Camarillo,Sushi Teri Teepan House,93010,,(805) 389-5455,http://www.yellowpages.com/camarillo-ca/mip/sushi-teri-teepan-house-480184938?lid=480184938,0.0 stars,CA,-119.04467,"1901 E Daily Dr,",34.21776,http://www.yellowpages.com/camarillo-ca/restaurants?page=5
http://www.sushiplanet.net/,Camarillo,Sushi Planet,93010,,(805) 383-7666,http://www.yellowpages.com/camarillo-ca/mip/sushi-planet-22296233?lid=22296233,4.0 stars,CA,-119.04373,"2001 Ventura Blvd,",34.21702,http://www.yellowpages.com/camarillo-ca/restaurants?page=5
http://www.grandchinaofcamarillo.com,Camarillo,Grand China,93010,,(805) 388-7881,http://www.yellowpages.com/camarillo-ca/mip/grand-china-473127837?lid=473127837,0.0 stars,CA,-119.039,"341 Arneill Rd,",34.22013,http://www.yellowpages.com/camarillo-ca/restaurants?page=5
,Camarillo,Take Five Cocktails,93010,,(805) 383-2518,http://www.yellowpages.com/camarillo-ca/mip/take-five-cocktails-3276933?lid=3276933,0.0 stars,CA,-119.04005,"2244 Pickwick Dr,",34.222275,http://www.yellowpages.com/camarillo-ca/restaurants?page=5
http://thaiperurestaurant.com/,Camarillo,Thai Peru Restaurant,93012,,(805) 384-0965,http://www.yellowpages.com/camarillo-ca/mip/thai-peru-restaurant-2239359?lid=2239359,0.0 stars,CA,-119.003746,"5021 Verdugo Way Ste 109,",34.215366,http://www.yellowpages.com/camarillo-ca/restaurants?page=5
http://www.mongolianbbq.net,Camarillo,Wok'n South Mongolian BBQ,93010,,(805) 384-0406,http://www.yellowpages.com/camarillo-ca/mip/wokn-south-mongolian-bbq-1200175?lid=1200175,0.0 stars,CA,-119.0418,"2123 Ventura Blvd,",34.216793,http://www.yellowpages.com/camarillo-ca/restaurants?page=5
http://www.sportsmanventura.com,Camarillo,Sportsman Restaurant,93010,,(805) 983-8668,http://www.yellowpages.com/camarillo-ca/mip/sportsman-restaurant-11546704?lid=11546704,0.0 stars,CA,-119.10318,"4426 Central Ave,",34.223606,http://www.yellowpages.com/camarillo-ca/restaurants?page=5
http://www.sushifresh.net,Camarillo,Sushi Fresh Rotating Bar & Japanese Restaurant,93010,,(805) 482-1444,http://www.yellowpages.com/camarillo-ca/mip/sushi-fresh-rotating-bar-japanese-restaurant-8653466?lid=8653466,5.0 stars,CA,-119.042625,"2115 Pickwick Dr,",34.22226,http://www.yellowpages.com/camarillo-ca/restaurants?page=5
http://www.LittleThaiFineDining.com,Camarillo,Little Thai Fine Dining,93010,,(805) 445-1365,http://www.yellowpages.com/camarillo-ca/mip/little-thai-fine-dining-70581?lid=70581,5.0 stars,CA,-119.03708,"2500 Las Posas Rd #D,",34.236954,http://www.yellowpages.com/camarillo-ca/restaurants?page=5
http://hunangarden-camarillo.com/,Camarillo,Hunan Garden,93012,,(805) 384-0689,http://www.yellowpages.com/camarillo-ca/mip/hunan-garden-14732433?lid=14732433,5.0 stars,CA,-118.99864,"5241 Mission Oaks Blvd,",34.228207,http://www.yellowpages.com/camarillo-ca/restaurants?page=5
,Camarillo,Kiku Sushi & Grill,93010,,(805) 389-1164,http://www.yellowpages.com/camarillo-ca/mip/kiku-sushi-grill-461985626?lid=461985626,5.0 stars,CA,-119.01244,"4421 Las Posas Rd,",34.24286,http://www.yellowpages.com/camarillo-ca/restaurants?page=5
,Camarillo,Sushi Fujiya,93010,,(805) 482-6730,http://www.yellowpages.com/camarillo-ca/mip/sushi-fujiya-22332980?lid=22332980,2.0 stars,CA,-119.03949,"2272 Pickwick Dr,",34.222275,http://www.yellowpages.com/camarillo-ca/restaurants?page=5
,Camarillo,Sumo Sushi,93010,,(805) 445-1001,http://www.yellowpages.com/camarillo-ca/mip/sumo-sushi-1083716?lid=1083716,4.0 stars,CA,-119.051834,"1490 E Daily Dr,",34.219162,http://www.yellowpages.com/camarillo-ca/restaurants?page=5
http://www.thewaypointcafe.com/,Camarillo,Way Point,93010,,(805) 388-2535,http://www.yellowpages.com/camarillo-ca/mip/way-point-3716996?lid=3716996,3.0 stars,CA,-119.07852,"325 Durley Ave,",34.208668,http://www.yellowpages.com/camarillo-ca/restaurants?page=5
,Camarillo,Club House Sports Bar & Grill,93010,,(805) 388-1992,http://www.yellowpages.com/camarillo-ca/mip/club-house-sports-bar-grill-1703867?lid=1703867,0.0 stars,CA,-119.039,"369 Arneill Rd,",34.220604,http://www.yellowpages.com/camarillo-ca/restaurants?page=5
http://www.mandarinhouse-camarillo.com,Camarillo,Mandarin House Restaurant,93012,,(805) 987-6465,http://www.yellowpages.com/camarillo-ca/mip/mandarin-house-restaurant-8223739?lid=8223739,0.0 stars,CA,-119.0094,"4585 Pleasant Valley Rd,",34.210434,http://www.yellowpages.com/camarillo-ca/restaurants?page=5
http://www.yomamasushi.com,Camarillo,Yomama Sushi,93012,,(805) 384-0677,http://www.yellowpages.com/camarillo-ca/mip/yomama-sushi-459359473?lid=459359473,0.0 stars,CA,-119.00427,"4900B Verdugo Way,",34.21564,http://www.yellowpages.com/camarillo-ca/restaurants?page=5
http://www.masas-sushi.com,Camarillo,Masa-Sushi,93010,,(805) 987-1065,http://www.yellowpages.com/camarillo-ca/mip/masa-sushi-4664283?lid=4664283,0.0 stars,CA,-119.06831,"63 E Daily Dr,",34.221764,http://www.yellowpages.com/camarillo-ca/restaurants?page=5
http://www.sawadeecamarillo.com,Camarillo,Sawadee Thai Restaurant,93010,,(805) 482-8009,http://www.yellowpages.com/camarillo-ca/mip/sawadee-thai-restaurant-7097794?lid=7097794,0.0 stars,CA,-119.03901,"217 Arneill Rd,",34.218487,http://www.yellowpages.com/camarillo-ca/restaurants?page=5
http://www.camarilloyama.com,Camarillo,Yama Japanese Restaurant,93010,,(805) 484-0321,http://www.yellowpages.com/camarillo-ca/mip/yama-japanese-restaurant-13884141?lid=13884141,4.5 stars,CA,-119.038925,"734 Arneill Rd,",34.22382,http://www.yellowpages.com/camarillo-ca/restaurants?page=5
http://www.charn-thai.com/,Camarillo,Charn Thai Restaurant,93010,,(805) 388-1138,http://www.yellowpages.com/camarillo-ca/mip/charn-thai-restaurant-1651808?lid=1651808,2.5 stars,CA,-119.068306,"65 E Daily Dr,",34.221764,http://www.yellowpages.com/camarillo-ca/restaurants?page=5
http://www.pekinginn.com,Camarillo,Peking Inn Restaurant,93010,,(805) 987-8188,http://www.yellowpages.com/camarillo-ca/mip/peking-inn-restaurant-14017257?lid=14017257,5.0 stars,CA,-119.05454,"330 N Lantana St Ste 31,",34.23802,http://www.yellowpages.com/camarillo-ca/restaurants?page=6
http://coffeebean.com/,Camarillo,The Coffee Bean & Tea Leaf,93012,,(805) 484-7924,http://www.yellowpages.com/camarillo-ca/mip/the-coffee-bean-tea-leaf-22297857?lid=22297857,0.0 stars,CA,-119.01085,"4580 Calle Alto,",34.203415,http://www.yellowpages.com/camarillo-ca/restaurants?page=6
http://bistro13.com,Camarillo,Bistro 13,93012,,(805) 383-3388,http://www.yellowpages.com/camarillo-ca/mip/bistro-13-453604265?lid=453604265,0.0 stars,CA,-119.00425,"4910 Verdugo Way,",34.215626,http://www.yellowpages.com/camarillo-ca/restaurants?page=6
,Camarillo,Breakfast Cafe,93010,,(805) 384-8089,http://www.yellowpages.com/camarillo-ca/mip/breakfast-cafe-660161?lid=660161,5.0 stars,CA,-119.05076,"317 Carmen Dr,",34.21929,http://www.yellowpages.com/camarillo-ca/restaurants?page=6
http://twenty88.net/,Camarillo,Twenty 88,93010,,(805) 482-8031,http://www.yellowpages.com/camarillo-ca/mip/twenty-88-469832196?lid=469832196,0.0 stars,CA,-119.04221,"2088 Ventura Blvd,",34.216843,http://www.yellowpages.com/camarillo-ca/restaurants?page=6
,Camarillo,Swirl Frozen Yogurt,93012,,(805) 484-8040,http://www.yellowpages.com/camarillo-ca/mip/swirl-frozen-yogurt-15687734?lid=15687734,4.0 stars,CA,-119.02515,"267 Village Commons Blvd # 11,",34.2115,http://www.yellowpages.com/camarillo-ca/restaurants?page=6
,Camarillo,Lamplighter Sports Bar,93010,,(805) 484-2113,http://www.yellowpages.com/camarillo-ca/mip/lamplighter-sports-bar-13789000?lid=13789000,3.0 stars,CA,-119.044334,"1936 Ventura Blvd,",34.21708,http://www.yellowpages.com/camarillo-ca/restaurants?page=6
http://www.tealiteful.com/,Camarillo,All Things Tea,93010,,(805) 445-8327,http://www.yellowpages.com/camarillo-ca/mip/all-things-tea-115520?lid=115520,0.0 stars,CA,-119.05478,"300 N Lantana St #37,",34.23708,http://www.yellowpages.com/camarillo-ca/restaurants?page=6
http://www.oldnewyork.com,Camarillo,Old New York Deli & Bakery Co,93012,,(805) 383-0772,http://www.yellowpages.com/camarillo-ca/mip/old-new-york-deli-bakery-co-5992070?lid=5992070,0.0 stars,CA,-119.00395,"4972 Verdugo Way,",34.21546,http://www.yellowpages.com/camarillo-ca/restaurants?page=6
http://www.interstatebakeriescorp.com,Camarillo,Interstate Brands,93012,,(805) 389-8166,http://www.yellowpages.com/camarillo-ca/mip/interstate-brands-467851708?lid=467851708,0.0 stars,CA,-119.034386,"115 Dawson Dr,",34.214527,http://www.yellowpages.com/camarillo-ca/restaurants?page=6
,Camarillo,Camarillo Bakery,93010,,(805) 383-6676,http://www.yellowpages.com/camarillo-ca/mip/camarillo-bakery-6804904?lid=6804904,0.0 stars,CA,-119.0429,"601 Mobil Ave Ste B,",34.22226,http://www.yellowpages.com/camarillo-ca/restaurants?page=6
,Camarillo,Hana Sushi,93010,,(951) 303-0395,http://www.yellowpages.com/camarillo-ca/mip/hana-sushi-14919420?lid=14919420,0.0 stars,CA,-119.05072,"31805 Temecula Pwky,",34.22289,http://www.yellowpages.com/camarillo-ca/restaurants?page=6
,Camarillo,Green Leaf Cafe,93010,,(805) 389-0500,http://www.yellowpages.com/camarillo-ca/mip/green-leaf-cafe-468228878?lid=468228878,0.0 stars,CA,-119.061844,"740 Ventura Blvd,",34.218082,http://www.yellowpages.com/camarillo-ca/restaurants?page=6
http://coffeebean.com/,Camarillo,The Coffee Bean & Tea Leaf,93010,,(805) 383-7767,http://www.yellowpages.com/camarillo-ca/mip/the-coffee-bean-tea-leaf-6894008?lid=6894008,4.0 stars,CA,-119.03896,"824 Arneill Rd,",34.22557,http://www.yellowpages.com/camarillo-ca/restaurants?page=6
http://www.breadbasketcake.com,Camarillo,Bread Basket Cake Company,93010,,(805) 482-1337,http://www.yellowpages.com/camarillo-ca/mip/bread-basket-cake-company-22255561?lid=22255561,1.0 stars,CA,-119.06806,"83 E Daily Dr,",34.221703,http://www.yellowpages.com/camarillo-ca/restaurants?page=6
http://www.jambajuice.com,Camarillo,Jamba Juice,93012,,(805) 383-7333,http://www.yellowpages.com/camarillo-ca/mip/jamba-juice-452165193?lid=452165193,0.0 stars,CA,-119.003746,"5021 Verdugo Way Ste 102,",34.215366,http://www.yellowpages.com/camarillo-ca/restaurants?page=6
http://www.805waverunner.com,Camarillo,"Sun, Splash, & Fun Waverunner Rentals",93010,,(805) 844-1694,http://www.yellowpages.com/camarillo-ca/mip/sun-splash-fun-waverunner-rentals-480709234?lid=480709234,,CA,,"2824 Avenida De Autlan,",,http://www.yellowpages.com/camarillo-ca/restaurants?page=6
http://www.elementcoffeelounge.com,Camarillo,Element Coffee,93010,,(805) 482-0036,http://www.yellowpages.com/camarillo-ca/mip/element-coffee-8184391?lid=8184391,0.0 stars,CA,-119.03809,"2364 Ventura Blvd,",34.216415,http://www.yellowpages.com/camarillo-ca/restaurants?page=6
http://www.sushihamayu.com,Camarillo,Sushi Hamayu,93010,,(805) 388-9881,http://www.yellowpages.com/camarillo-ca/mip/sushi-hamayu-451361294?lid=451361294,0.0 stars,CA,-119.044876,"1855 E Daily Dr Ste B,",34.217773,http://www.yellowpages.com/camarillo-ca/restaurants?page=6
http://www.commongroundsny.com,Camarillo,Common Grounds,93012,,(805) 437-6477,http://www.yellowpages.com/camarillo-ca/mip/common-grounds-462017584?lid=462017584,0.0 stars,CA,-119.02515,"267 Village Commons Blvd,",34.2115,http://www.yellowpages.com/camarillo-ca/restaurants?page=6
http://www.wetzels.com/,Camarillo,Wetzel's Pretzels,93010,,(805) 383-4400,http://www.yellowpages.com/camarillo-ca/mip/wetzels-pretzels-459069787?lid=459069787,0.0 stars,CA,-119.062126,"690 Ventura Blvd # 148,",34.218113,http://www.yellowpages.com/camarillo-ca/restaurants?page=6
http://www.wetzels.com/,Camarillo,Wetzel's Pretzels,93010,,(805) 987-7109,http://www.yellowpages.com/camarillo-ca/mip/wetzels-pretzels-453618965?lid=453618965,0.0 stars,CA,-119.06732,"630 Ventura Blvd,",34.216476,http://www.yellowpages.com/camarillo-ca/restaurants?page=6
http://coffeebean.com/,Camarillo,The Coffee Bean & Tea Leaf,93012,,(805) 388-4734,http://www.yellowpages.com/camarillo-ca/mip/the-coffee-bean-tea-leaf-13113261?lid=13113261,0.0 stars,CA,-118.99218,"355 Balboa Cir,",34.213463,http://www.yellowpages.com/camarillo-ca/restaurants?page=6
,Camarillo,Palermo Coffee,93010,,(805) 482-0036,http://www.yellowpages.com/camarillo-ca/mip/palermo-coffee-465968039?lid=465968039,0.0 stars,CA,-119.03809,"2364 Ventura Blvd,",34.216415,http://www.yellowpages.com/camarillo-ca/restaurants?page=6
,Camarillo,P J's Boulevard Cafe,93010,,(805) 482-0212,http://www.yellowpages.com/camarillo-ca/mip/p-js-boulevard-cafe-2851824?lid=2851824,0.0 stars,CA,-119.041084,"2157 Ventura Blvd,",34.21671,http://www.yellowpages.com/camarillo-ca/restaurants?page=6
,Camarillo,Mika Sushi,93010,,(805) 383-2236,http://www.yellowpages.com/camarillo-ca/mip/mika-sushi-2785048?lid=2785048,0.0 stars,CA,-119.03708,"2500 Las Posas Rd Ste E,",34.236954,http://www.yellowpages.com/camarillo-ca/restaurants?page=7
,Camarillo,Sushi Asakura,93010,,(805) 482-1739,http://www.yellowpages.com/camarillo-ca/mip/sushi-asakura-3237104?lid=3237104,0.0 stars,CA,-119.05454,"330 N Lantana St # 22,",34.23802,http://www.yellowpages.com/camarillo-ca/restaurants?page=7
http://www.robeks.com/,Camarillo,Robeks Juice,93010,,(805) 445-1416,http://www.yellowpages.com/camarillo-ca/mip/robeks-juice-681074?lid=681074,0.0 stars,CA,-119.06978,"612 Las Posas Rd,",34.222786,http://www.yellowpages.com/camarillo-ca/restaurants?page=7
http://www.pandaexpress.com/,Camarillo,Panda Express,93010,,(805) 987-3368,http://www.yellowpages.com/camarillo-ca/mip/panda-express-4286902?lid=4286902,0.0 stars,CA,-119.07373,"199 W Ventura Blvd,",34.216072,http://www.yellowpages.com/camarillo-ca/restaurants?page=7
http://www.pandaexpress.com/,Camarillo,Panda Express,93010,,(805) 484-2933,http://www.yellowpages.com/camarillo-ca/mip/panda-express-5354347?lid=5354347,0.0 stars,CA,-119.03708,"2500 Las Posas Rd Ste F,",34.236954,http://www.yellowpages.com/camarillo-ca/restaurants?page=7
http://www.jessicas-cafe.com,Camarillo,Jessica's Cafe,93010,,(805) 482-7311,http://www.yellowpages.com/camarillo-ca/mip/jessicas-cafe-22340782?lid=22340782,0.0 stars,CA,-119.04294,"596 Mobil Ave # A,",34.22212,http://www.yellowpages.com/camarillo-ca/restaurants?page=7
http://www.zzyzxcafe.com,Camarillo,Zzyzx Cafe,93012,,(805) 484-2900,http://www.yellowpages.com/camarillo-ca/mip/zzyzx-cafe-451608326?lid=451608326,0.0 stars,CA,-119.034225,"33 N Lewis Rd,",34.216778,http://www.yellowpages.com/camarillo-ca/restaurants?page=7
