http://www.goldenchinaventura.com/,Ventura,Golden China Restaurant,93001,,(805) 652-0688,http://www.yellowpages.com/ventura-ca/mip/golden-china-restaurant-6467523?lid=178220374,5.0 stars,CA,-119.26833,"760 S Seaward Ave,",34.26591,http://www.yellowpages.com/ventura-ca/restaurants
,Ventura,Sportsman Restaurant & Cocktail Lounge,93001,,(805) 643-2851,http://www.yellowpages.com/ventura-ca/mip/sportsman-restaurant-cocktail-lounge-6343602?lid=171598214,5.0 stars,CA,-119.29313,"53 S California St,",34.280163,http://www.yellowpages.com/ventura-ca/restaurants
http://www.o-sabi.com,Ventura,O-sabi Japanese Restaurant,93003,,(805) 642-6200,http://www.yellowpages.com/ventura-ca/mip/o-sabi-japanese-restaurant-10878260?lid=179397548,3.0 stars,CA,-119.21047,"5795 Walker St,",34.25361,http://www.yellowpages.com/ventura-ca/restaurants
http://www.qqhawaiianbbq.com,Ventura,Q & Q Hawaiian BBQ,93003,,(805) 644-8988,http://www.yellowpages.com/ventura-ca/mip/q-q-hawaiian-bbq-8726272?lid=1000051412793,5.0 stars,CA,-119.21104,"1780 S Victoria Ave # F,",34.25818,http://www.yellowpages.com/ventura-ca/restaurants
http://www.gorustys.com,Ventura,PizzaMan Dan's,93001,,(805) 658-6666,http://www.yellowpages.com/ventura-ca/mip/pizzaman-dans-3662498?lid=199016769,0.0 stars,CA,,,,http://www.yellowpages.com/ventura-ca/restaurants
http://www.roundtablepizza.com/order?id=537,Ventura,Round Table Pizza,93003,,(805) 654-0777,http://www.yellowpages.com/ventura-ca/mip/round-table-pizza-466232949?lid=1000084702177,0.0 stars,CA,-119.23405,"4255 E Main St,",34.262703,http://www.yellowpages.com/ventura-ca/restaurants
http://www.alohasteakhouse.com,Ventura,Aloha Steakhouse,93001,,(805) 652-1799,http://www.yellowpages.com/ventura-ca/mip/aloha-steakhouse-5953191?lid=5953191,4.5 stars,CA,-119.29303,"364 S California St,",34.277092,http://www.yellowpages.com/ventura-ca/restaurants
http://www.brophybros.com,Ventura,Brophy Bros Restaurant,93001,,(805) 639-0865,http://www.yellowpages.com/ventura-ca/mip/brophy-bros-restaurant-9799682?lid=9799682,4.0 stars,CA,-119.26584,"1559 Spinnaker Dr,",34.240788,http://www.yellowpages.com/ventura-ca/restaurants
http://www.ericericssons.com,Ventura,Eric Ericsson's,93001,,(805) 643-4783,http://www.yellowpages.com/ventura-ca/mip/eric-ericssons-455279967?lid=455279967,3.0 stars,CA,-119.290596,"668 Harbor Blvd,",34.27638,http://www.yellowpages.com/ventura-ca/restaurants
http://www.ferrarositalianrestaurant.com,Ventura,Ferraro's Italian Restaurant,93003,,(805) 648-7270,http://www.yellowpages.com/ventura-ca/mip/ferraros-italian-restaurant-4509395?lid=4509395,4.0 stars,CA,-119.258804,"2788 E Main St,",34.27295,http://www.yellowpages.com/ventura-ca/restaurants
http://www.restaurantbrooks.com,Ventura,Brooks Restaurant,93001,,(805) 652-7070,http://www.yellowpages.com/ventura-ca/mip/brooks-restaurant-1553615?lid=1553615,4.5 stars,CA,-119.29256,"545 E Thompson Blvd,",34.27825,http://www.yellowpages.com/ventura-ca/restaurants
http://www.greekventuraharbor.com,Ventura,The Greek At The Harbor,93001,,(805) 650-5350,http://www.yellowpages.com/ventura-ca/mip/the-greek-at-the-harbor-474155864?lid=474155864,4.5 stars,CA,-119.26585,"1583 Spinnaker Dr Ste 101,",34.24102,http://www.yellowpages.com/ventura-ca/restaurants
http://www.bombaybarandgrill.com,Ventura,Bombay Bar & Grill,93001,,(805) 643-4404,http://www.yellowpages.com/ventura-ca/mip/bombay-bar-grill-13987953?lid=13987953,5.0 stars,CA,-119.29311,"143 S California St,",34.279003,http://www.yellowpages.com/ventura-ca/restaurants
http://dargans.com/,Ventura,Dargans Iris Pub & Restaurant,93001,,(805) 648-3001,http://www.yellowpages.com/ventura-ca/mip/dargans-iris-pub-restaurant-2634384?lid=2634384,2.0 stars,CA,-119.291664,"593 E Main St,",34.280857,http://www.yellowpages.com/ventura-ca/restaurants
http://www.seawardvillagefishandchips.com,Ventura,Seaward Fish & Chips,93001,,(805) 653-1511,http://www.yellowpages.com/ventura-ca/mip/seaward-fish-chips-9619732?lid=9619732,0.0 stars,CA,-119.27349,"1125 S Seaward Ave,",34.263367,http://www.yellowpages.com/ventura-ca/restaurants
http://www.rhumblineventura.com,Ventura,Rhumb Line Restaurant,93001,,(805) 642-1200,http://www.yellowpages.com/ventura-ca/mip/rhumb-line-restaurant-469429012?lid=469429012,0.0 stars,CA,-119.263374,"1510 Anchors Way Dr,",34.250298,http://www.yellowpages.com/ventura-ca/restaurants
http://www.blackangus.com,Ventura,Black Angus Steakhouse,93003,,(805) 644-7323,http://www.yellowpages.com/ventura-ca/mip/black-angus-steakhouse-493771?lid=493771,2.5 stars,CA,-119.234695,"4718 Telephone Rd,",34.259903,http://www.yellowpages.com/ventura-ca/restaurants
http://www.spinnakersteakandseafood.com,Ventura,Spinnaker Seafood & Broiler,93001,,(805) 658-6220,http://www.yellowpages.com/ventura-ca/mip/spinnaker-seafood-broiler-7276380?lid=7276380,0.0 stars,CA,-119.26585,"1583 Spinnaker Dr Ste 109,",34.24102,http://www.yellowpages.com/ventura-ca/restaurants
http://www.sicilybygino.com,Ventura,Sicily By Gino,93001,,(805) 641-2220,http://www.yellowpages.com/ventura-ca/mip/sicily-by-gino-22170802?lid=22170802,0.0 stars,CA,-119.292145,"563 E Main St,",34.280853,http://www.yellowpages.com/ventura-ca/restaurants
http://www.mongolianbbq.net,Ventura,Wok & South Mongolian BBQ,93003,,(805) 653-2658,http://www.yellowpages.com/ventura-ca/mip/wok-south-mongolian-bbq-2299907?lid=2299907,5.0 stars,CA,-119.25778,"2835 E Main St,",34.27225,http://www.yellowpages.com/ventura-ca/restaurants
,Ventura,Tony's Steak & Seafood,93001,,(805) 643-3322,http://www.yellowpages.com/ventura-ca/mip/tonys-steak-seafood-16503079?lid=16503079,0.0 stars,CA,-119.271034,"2009 E Thompson Blvd,",34.274498,http://www.yellowpages.com/ventura-ca/restaurants
http://www.tacodemexicoventura.com,Ventura,El Taco De Mexico,93003,,(805) 642-9409,http://www.yellowpages.com/ventura-ca/mip/el-taco-de-mexico-2247768?lid=2247768,3.5 stars,CA,-119.25401,"3114 Telegraph Rd,",34.27214,http://www.yellowpages.com/ventura-ca/restaurants
http://www.watermarkonmain.com,Ventura,Watermark Restaurant,93001,,(805) 643-6800,http://www.yellowpages.com/ventura-ca/mip/watermark-restaurant-1769521?lid=1769521,3.0 stars,CA,-119.29157,"598 E Main St,",34.280857,http://www.yellowpages.com/ventura-ca/restaurants
http://www.allisonscountrycafe.com,Ventura,Allison's Country Cafe,93003,,(805) 644-9072,http://www.yellowpages.com/ventura-ca/mip/allisons-country-cafe-1654528?lid=1654528,4.5 stars,CA,-119.24982,"3429 Telegraph Rd,",34.272846,http://www.yellowpages.com/ventura-ca/restaurants
http://www.woodranch.com/restaurant_entry.html,Ventura,Wood Ranch BBQ and Grill,93003,,(805) 620-4500,http://www.yellowpages.com/ventura-ca/mip/wood-ranch-bbq-and-grill-22672512?lid=22672512,5.0 stars,CA,-119.24721,"3449 E Main St,",34.2654,http://www.yellowpages.com/ventura-ca/restaurants
http://www.galbeehouse.com,Ventura,"Hook, Line And Sinker Seafood",93003,,(805) 650-1160,http://www.yellowpages.com/ventura-ca/mip/hook-line-and-sinker-seafood-457425190?lid=457425190,0.0 stars,CA,-119.19508,"2950 Johnson Dr,",34.247246,http://www.yellowpages.com/ventura-ca/restaurants
http://www.spagco.com,Ventura,Spaghetti Co.,93003,,(805) 643-7444,http://www.yellowpages.com/ventura-ca/mip/spaghetti-co-1588109?lid=1588109,3.0 stars,CA,-119.26017,"2686 Loma Vista Rd,",34.27499,http://www.yellowpages.com/ventura-ca/restaurants
http://www.jimandrobsventura.com,Ventura,Jim & Rob's Fresh Grill Inc,93001,,(805) 653-7276,http://www.yellowpages.com/ventura-ca/mip/jim-robs-fresh-grill-inc-381632?lid=381632,0.0 stars,CA,-119.272064,"1876 E Main St,",34.27852,http://www.yellowpages.com/ventura-ca/restaurants
http://www.cronies.com,Ventura,Cronies Sports Grill,93003,,(805) 650-6026,http://www.yellowpages.com/ventura-ca/mip/cronies-sports-grill-13203831?lid=13203831,3.0 stars,CA,-119.19607,"2855 Johnson Dr,",34.248356,http://www.yellowpages.com/ventura-ca/restaurants
http://www.joescrabshack.com,Ventura,Joe's Crab Shack,93001,,(805) 643-3725,http://www.yellowpages.com/ventura-ca/mip/joes-crab-shack-22323822?lid=22323822,2.0 stars,CA,-119.28297,"567 San Jon Rd,",34.27454,http://www.yellowpages.com/ventura-ca/restaurants?page=2
http://www.spassorestaurant.com,Ventura,Spasso Cucina Italiana,93001,,(805) 643-2777,http://www.yellowpages.com/ventura-ca/mip/spasso-cucina-italiana-6740058?lid=6740058,0.0 stars,CA,-119.273705,"1140 S Seaward Ave,",34.263237,http://www.yellowpages.com/ventura-ca/restaurants?page=2
http://www.macaronigrill.com/,Ventura,Romano's Macaroni Grill,93003,,(805) 477-9925,http://www.yellowpages.com/ventura-ca/mip/romanos-macaroni-grill-475411966?lid=475411966,3.5 stars,CA,-119.22541,"4880 Telephone Rd,",34.263447,http://www.yellowpages.com/ventura-ca/restaurants?page=2
http://www.smfishco.com,Ventura,Spencer Makenzie's Fish Co,93001,,(805) 643-8226,http://www.yellowpages.com/ventura-ca/mip/spencer-makenzies-fish-co-558220?lid=558220,4.5 stars,CA,-119.2884,"806 E Thompson Blvd,",34.27828,http://www.yellowpages.com/ventura-ca/restaurants?page=2
,Ventura,Cooke's Smokehouse,93001,,(805) 652-1446,http://www.yellowpages.com/ventura-ca/mip/cookes-smokehouse-2363812?lid=2363812,4.0 stars,CA,-119.27406,"1751 E Main St,",34.27899,http://www.yellowpages.com/ventura-ca/restaurants?page=2
http://www.meridianscafe.com,Ventura,Meridians Cafe',93001,,(805) 676-1756,http://www.yellowpages.com/ventura-ca/mip/meridians-cafe-465072294?lid=465072294,0.0 stars,CA,-119.26992,"2417 Harbor Blvd,",34.26434,http://www.yellowpages.com/ventura-ca/restaurants?page=2
http://www.thejollyoyster.com,Ventura,Jolly Oyster,93001,,(805) 798-4944,http://www.yellowpages.com/ventura-ca/mip/jolly-oyster-474739215?lid=474739215,0.0 stars,CA,-119.27699,"911 San Pedro St,",34.26799,http://www.yellowpages.com/ventura-ca/restaurants?page=2
http://www.cpventura.com/,Ventura,C Street Restaurant,93001,,(805) 648-2100,http://www.yellowpages.com/ventura-ca/mip/c-street-restaurant-480779017?lid=480779017,0.0 stars,CA,-119.29303,"450 Harbor Blvd,",34.27688,http://www.yellowpages.com/ventura-ca/restaurants?page=2
https://www.facebook.com/pages/Dickeys-Barbecue-Pit-Ventura/411251472257177?ref=tn_tnmn,Ventura,Dickey's Barbecue Pit,93003,,(805) 212-4240,http://www.yellowpages.com/ventura-ca/mip/dickeys-barbecue-pit-478468568?lid=478468568,0.0 stars,CA,-119.21271,"6100 Telegraph Rd Ste F,",34.27828,http://www.yellowpages.com/ventura-ca/restaurants?page=2
http://www.cliffhouseinn.com/,Ventura,Shoals Restaurant,93001,,(805) 652-1381,http://www.yellowpages.com/ventura-ca/mip/shoals-restaurant-481105983?lid=481105983,0.0 stars,CA,-119.441635,"6602 Old Pacific Coast Hwy,",34.356316,http://www.yellowpages.com/ventura-ca/restaurants?page=2
,Ventura,Chuy's Mesquite Broiler,93003,,(805) 641-9579,http://www.yellowpages.com/ventura-ca/mip/chuys-mesquite-broiler-30494277?lid=30494277,0.0 stars,CA,-119.26079,"2632 E Main St,",34.2743,http://www.yellowpages.com/ventura-ca/restaurants?page=2
http://www.chicagosribsandmore.com/,Ventura,Chicago For Ribs-Ventura,93001,,(805) 641-0812,http://www.yellowpages.com/ventura-ca/mip/chicago-for-ribs-ventura-8128201?lid=8128201,4.0 stars,CA,-119.29014,"692 E Main St,",34.28087,http://www.yellowpages.com/ventura-ca/restaurants?page=2
,Ventura,Gourmet Oriental,93001,,(805) 643-8188,http://www.yellowpages.com/ventura-ca/mip/gourmet-oriental-13061784?lid=13061784,5.0 stars,CA,-119.301834,"67 W Main St # C,",34.28121,http://www.yellowpages.com/ventura-ca/restaurants?page=2
http://www.primesteakvc.com,Ventura,Prime Steakhouse & Wine Bar,93001,,(805) 652-1055,http://www.yellowpages.com/ventura-ca/mip/prime-steakhouse-wine-bar-468571944?lid=468571944,0.0 stars,CA,-119.271034,"2009 E Thompson Blvd,",34.274498,http://www.yellowpages.com/ventura-ca/restaurants?page=2
http://www.maharajacuisineofindia.com,Ventura,The Maharaja Cuisine of India,93003,,(805) 641-3644,http://www.yellowpages.com/ventura-ca/mip/the-maharaja-cuisine-of-india-4103933?lid=4103933,4.0 stars,CA,-119.26373,"2437 E Main St,",34.275764,http://www.yellowpages.com/ventura-ca/restaurants?page=2
http://www.marshallsbodaciousbbq.com,Ventura,Marshall's Bodacious BBQ,93003,,(805) 650-0650,http://www.yellowpages.com/ventura-ca/mip/marshalls-bodacious-bbq-22046809?lid=22046809,4.0 stars,CA,-119.201775,"6353 Ventura Blvd Unit 18,",34.24837,http://www.yellowpages.com/ventura-ca/restaurants?page=2
,Ventura,Great Central Steak & Hoagie,93001,,(805) 643-6871,http://www.yellowpages.com/ventura-ca/mip/great-central-steak-hoagie-13258823?lid=13258823,0.0 stars,CA,-119.29408,"410 E Thompson Blvd,",34.278255,http://www.yellowpages.com/ventura-ca/restaurants?page=2
http://www.bottleworkspizzarestaurant.com,Ventura,Bottleworks Pizza,93004,,(805) 659-5555,http://www.yellowpages.com/ventura-ca/mip/bottleworks-pizza-3713766?lid=3713766,4.5 stars,CA,-119.17159,"9410 Telephone Rd,",34.27155,http://www.yellowpages.com/ventura-ca/restaurants?page=2
http://www.mexicanexpressventura.com,Ventura,Mexican Express Barbecue Grill,93004,,(805) 659-7227,http://www.yellowpages.com/ventura-ca/mip/mexican-express-barbecue-grill-22051040?lid=22051040,5.0 stars,CA,-119.161545,"10251 Telephone Rd,",34.277615,http://www.yellowpages.com/ventura-ca/restaurants?page=2
http://www.hawaiianbarbecue.com/,Ventura,L&L Hawaiian Barbecue,93003,,(805) 642-6888,http://www.yellowpages.com/ventura-ca/mip/l-l-hawaiian-barbecue-473752623?lid=473752623,0.0 stars,CA,-119.23805,"4020 E Main St,",34.26318,http://www.yellowpages.com/ventura-ca/restaurants?page=2
,Ventura,Saloon BBQ Co,93001,,(805) 667-8550,http://www.yellowpages.com/ventura-ca/mip/saloon-bbq-co-478442360?lid=478442360,0.0 stars,CA,-119.2938,"456 E Main St,",34.280853,http://www.yellowpages.com/ventura-ca/restaurants?page=2
http://www.justbarbque.amlnk.com,Ventura,Just Bbq,93003,,(805) 654-1221,http://www.yellowpages.com/ventura-ca/mip/just-bbq-1625428?lid=1625428,4.5 stars,CA,-119.19508,"2950 Johnson Dr Ste 133,",34.247246,http://www.yellowpages.com/ventura-ca/restaurants?page=2
http://www.mariecallenders.com,Ventura,Marie Callendar's,93003,,(805) 644-0147,http://www.yellowpages.com/ventura-ca/mip/marie-callendars-3157573?lid=3157573,5.0 stars,CA,-119.21204,"1295 S Victoria Ave,",34.262882,http://www.yellowpages.com/ventura-ca/restaurants?page=2
,Ventura,El Sitio Restaurant,93001,,(805) 643-7125,http://www.yellowpages.com/ventura-ca/mip/el-sitio-restaurant-10723077?lid=10723077,0.0 stars,CA,-119.294136,"2271 N Ventura Ave # F,",34.303394,http://www.yellowpages.com/ventura-ca/restaurants?page=2
http://www.dannysdeli.com,Ventura,Danny's Deli & Grill,93003,,(805) 289-9200,http://www.yellowpages.com/ventura-ca/mip/dannys-deli-grill-8065169?lid=8065169,5.0 stars,CA,-119.25138,"3263 Telegraph Rd,",34.272617,http://www.yellowpages.com/ventura-ca/restaurants?page=2
http://www.dwstacos.com,Ventura,D W's Sizzling Steaks,93003,,(805) 642-9841,http://www.yellowpages.com/ventura-ca/mip/d-ws-sizzling-steaks-3319484?lid=3319484,5.0 stars,CA,-119.21053,"1985 S Victoria Ave,",34.255898,http://www.yellowpages.com/ventura-ca/restaurants?page=2
http://www.blackbeardsbbqventura.com,Ventura,Blackbeard's BBQ,93001,,(805) 650-7773,http://www.yellowpages.com/ventura-ca/mip/blackbeards-bbq-456846614?lid=456846614,0.0 stars,CA,-119.26587,"1591 Spinnaker Dr # 115,",34.24126,http://www.yellowpages.com/ventura-ca/restaurants?page=2
,Ventura,Main Street Restaurant,93003,,(805) 676-1312,http://www.yellowpages.com/ventura-ca/mip/main-street-restaurant-1029314?lid=1029314,2.5 stars,CA,-119.25222,"3159 E Main St,",34.26848,http://www.yellowpages.com/ventura-ca/restaurants?page=2
http://www.macerich.com,Ventura,Hot Dog on a Stick,93003,,(805) 289-9482,http://www.yellowpages.com/ventura-ca/mip/hot-dog-on-a-stick-455062364?lid=455062364,3.0 stars,CA,-119.2499,"3301 E. Main St, SP #254,",34.266914,http://www.yellowpages.com/ventura-ca/restaurants?page=3
http://www.dennys.com/,Ventura,Denny's,93001,,(805) 643-3414,http://www.yellowpages.com/ventura-ca/mip/dennys-7417429?lid=7417429,0.0 stars,CA,-119.27251,"2148 Harbor Blvd,",34.267075,http://www.yellowpages.com/ventura-ca/restaurants?page=3
http://milanositalianrestaunt.com/,Ventura,Milano's Italian Restaurant,93001,,(805) 658-0388,http://www.yellowpages.com/ventura-ca/mip/milanos-italian-restaurant-21942209?lid=21942209,0.0 stars,CA,-119.265816,"1559 Spinnaker Dr #100,",34.240784,http://www.yellowpages.com/ventura-ca/restaurants?page=3
http://www.chuckecheese.com/,Ventura,Chuck E. Cheese's,93003,,(805) 644-9777,http://www.yellowpages.com/ventura-ca/mip/chuck-e-cheeses-2953245?lid=2953245,0.0 stars,CA,-119.23471,"4714 Telephone Rd,",34.259884,http://www.yellowpages.com/ventura-ca/restaurants?page=3
http://www.corralesmexicanfood3.com,Ventura,Corrales Mexican Food,93001,,(805) 643-6138,http://www.yellowpages.com/ventura-ca/mip/corrales-mexican-food-6649207?lid=6649207,4.5 stars,CA,-119.27186,"1951 E Thompson Blvd,",34.274662,http://www.yellowpages.com/ventura-ca/restaurants?page=3
http://www.amecipizzaandpasta.com,Ventura,Ameci Pizza & Pasta,93004,,(805) 659-4483,http://www.yellowpages.com/ventura-ca/mip/ameci-pizza-pasta-1290833?lid=1290833,4.0 stars,CA,-119.162,"10225 Telephone Rd,",34.277348,http://www.yellowpages.com/ventura-ca/restaurants?page=3
http://valspizzaplace.com/,Ventura,Valentino's Take & Bake Pizza,93001,,(805) 643-8802,http://www.yellowpages.com/ventura-ca/mip/valentinos-take-bake-pizza-3706879?lid=3706879,0.0 stars,CA,-119.265366,"2292 E Main St,",34.276543,http://www.yellowpages.com/ventura-ca/restaurants?page=3
http://www.cpk.com/,Ventura,California Pizza Kitchen,93003,,(805) 639-5060,http://www.yellowpages.com/ventura-ca/mip/california-pizza-kitchen-453654111?lid=453654111,5.0 stars,CA,-119.2499,"3301 E Main St,",34.266914,http://www.yellowpages.com/ventura-ca/restaurants?page=3
http://www.thesidecarrestaurant.com,Ventura,Sidecar,93003,,(805) 653-7433,http://www.yellowpages.com/ventura-ca/mip/sidecar-9914542?lid=9914542,5.0 stars,CA,-119.255264,"3029 E Main St,",34.270554,http://www.yellowpages.com/ventura-ca/restaurants?page=3
http://www.redrobin.com/,Ventura,Red Robin Gourmet Burgers,93003,,(805) 642-1959,http://www.yellowpages.com/ventura-ca/mip/red-robin-gourmet-burgers-6301345?lid=6301345,4.0 stars,CA,-119.2499,"3301 E Main St,",34.266914,http://www.yellowpages.com/ventura-ca/restaurants?page=3
http://www.itsinthesaucebbq.com,Ventura,It's In The Sauce B-B-Q,93001,,(805) 652-1215,http://www.yellowpages.com/ventura-ca/mip/its-in-the-sauce-b-b-q-4146429?lid=4146429,4.0 stars,CA,-119.269325,"2050 E Main St,",34.277813,http://www.yellowpages.com/ventura-ca/restaurants?page=3
http://www.mimiscafe.com/,Ventura,Mimi's Cafe,93003,,(805) 644-1388,http://www.yellowpages.com/ventura-ca/mip/mimis-cafe-442809?lid=442809,3.0 stars,CA,-119.2492,"3375 E Main St,",34.26645,http://www.yellowpages.com/ventura-ca/restaurants?page=3
http://www.lepetitrestaurant.com,Ventura,Le Petit Cafe Bakery,93001,,(805) 642-1191,http://www.yellowpages.com/ventura-ca/mip/le-petit-cafe-bakery-461699262?lid=461699262,2.0 stars,CA,-119.26587,"1591 Spinnaker Dr Ste 112,",34.24126,http://www.yellowpages.com/ventura-ca/restaurants?page=3
http://www.winchestersgrill.com/,Ventura,Winchesters Grill & Saloon,93001,,(805) 653-7446,http://www.yellowpages.com/ventura-ca/mip/winchesters-grill-saloon-2280941?lid=2280941,3.5 stars,CA,-119.29098,"632 E Main St,",34.280575,http://www.yellowpages.com/ventura-ca/restaurants?page=3
http://www.andriasseafood.com,Ventura,Andria's Seafood Restaurant & Market,93001,,(805) 654-0546,http://www.yellowpages.com/ventura-ca/mip/andrias-seafood-restaurant-market-460521192?lid=178696997,4.0 stars,CA,-119.26313,"1449 Spinnaker Dr,",34.239647,http://www.yellowpages.com/ventura-ca/restaurants?page=3
http://www.santinospizzaparlor.com,Ventura,Santino's Pizza & Pasta,93003,,(805) 644-0166,http://www.yellowpages.com/ventura-ca/mip/santinos-pizza-pasta-21946333?lid=1000108686061,3.0 stars,CA,-119.23764,"4231 Telegraph Rd,",34.274673,http://www.yellowpages.com/ventura-ca/restaurants?page=3
http://www.eggsnthings.net,Ventura,Eggs N Things,93003,,(805) 642-3190,http://www.yellowpages.com/ventura-ca/mip/eggs-n-things-12745726?lid=12745726,2.5 stars,CA,-119.23805,"4020 E Main St,",34.26318,http://www.yellowpages.com/ventura-ca/restaurants?page=3
http://www.papajohns.com,Ventura,Papa John's Pizza,93003,,(805) 650-3200,http://www.yellowpages.com/ventura-ca/mip/papa-johns-pizza-466226843?lid=466226843,4.0 stars,CA,-119.21479,"5722 Telephone Rd,",34.264996,http://www.yellowpages.com/ventura-ca/restaurants?page=3
http://www.honeybakedhamcompany.com,Ventura,The HoneyBaked Ham Company,93003,,(805) 642-5300,http://www.yellowpages.com/ventura-ca/mip/the-honeybaked-ham-company-458005326?lid=458005326,0.0 stars,CA,-119.23405,"4255 E Main St Ste 20,",34.262703,http://www.yellowpages.com/ventura-ca/restaurants?page=3
http://www.zoeyscafe.com/,Ventura,Zoey's,93001,,(805) 652-1137,http://www.yellowpages.com/ventura-ca/mip/zoeys-458004164?lid=458004164,0.0 stars,CA,-119.2939,"451 E Main St,",34.280853,http://www.yellowpages.com/ventura-ca/restaurants?page=3
,Ventura,Da Hickory House,93004,,(805) 659-2772,http://www.yellowpages.com/ventura-ca/mip/da-hickory-house-475925348?lid=475925348,0.0 stars,CA,-119.161545,"10251 Telephone Rd,",34.277615,http://www.yellowpages.com/ventura-ca/restaurants?page=3
http://www.cappellettis.com,Ventura,Cappelletti Tratoria,93001,,(805) 643-3644,http://www.yellowpages.com/ventura-ca/mip/cappelletti-tratoria-4454905?lid=4454905,4.5 stars,CA,-119.27373,"1141 S Seaward Ave,",34.26322,http://www.yellowpages.com/ventura-ca/restaurants?page=3
http://www.habitburger.com,Ventura,The Habit Burger Grill,93003,,(805) 676-1717,http://www.yellowpages.com/ventura-ca/mip/the-habit-burger-grill-455453392?lid=455453392,5.0 stars,CA,-119.23435,"4732 Telephone Rd,",34.260406,http://www.yellowpages.com/ventura-ca/restaurants?page=3
,Ventura,Bernadette's On Main,93001,,(805) 643-6749,http://www.yellowpages.com/ventura-ca/mip/bernadettes-on-main-6124154?lid=6124154,4.0 stars,CA,-119.29005,"701 E Main St,",34.28087,http://www.yellowpages.com/ventura-ca/restaurants?page=3
http://www.palermos.biz/ventura_location/contact_us,Ventura,Palermo Pizzeria,93001,,(805) 641-2300,http://www.yellowpages.com/ventura-ca/mip/palermo-pizzeria-472075840?lid=472075840,0.0 stars,CA,-119.27406,"1751 E Main St,",34.27899,http://www.yellowpages.com/ventura-ca/restaurants?page=3
http://www.venturatoday.net/bajaba√¢?,Ventura,Baja Bay Surf & Taco,93001,,(805) 658-0411,http://www.yellowpages.com/ventura-ca/mip/baja-bay-surf-taco-4168130?lid=4168130,0.0 stars,CA,-119.26584,"1567 Spinnaker Dr Ste 104,",34.240868,http://www.yellowpages.com/ventura-ca/restaurants?page=3
http://www.taquerialahermita.amlnk.com,Ventura,Taqueria La Hermita,93003,,(805) 658-8152,http://www.yellowpages.com/ventura-ca/mip/taqueria-la-hermita-7562245?lid=7562245,0.0 stars,CA,-119.19508,"2950 Johnson Dr,",34.247246,http://www.yellowpages.com/ventura-ca/restaurants?page=3
http://www.maryssecretgarden.com/,Ventura,Mary's Secret Garden,93001,,(805) 641-3663,http://www.yellowpages.com/ventura-ca/mip/marys-secret-garden-3554827?lid=3554827,0.0 stars,CA,-119.29005,"100 S Fir St,",34.279568,http://www.yellowpages.com/ventura-ca/restaurants?page=3
http://www.breakfastparadise.com,Ventura,Breakfast Paradise,93001,,(805) 653-5221,http://www.yellowpages.com/ventura-ca/mip/breakfast-paradise-9112326?lid=9112326,0.0 stars,CA,-119.28438,"1070 E Front St,",34.277035,http://www.yellowpages.com/ventura-ca/restaurants?page=4
http://drinkblenders.com,Ventura,Blenders In The Grass,93001,,(805) 641-0916,http://www.yellowpages.com/ventura-ca/mip/blenders-in-the-grass-455506771?lid=455506771,0.0 stars,CA,-119.29148,"607 E Main St Ste B,",34.280857,http://www.yellowpages.com/ventura-ca/restaurants?page=4
http://www.petesbreakfasthouse.com,Ventura,Pete's Breakfast House,93001,,(805) 648-1130,http://www.yellowpages.com/ventura-ca/mip/petes-breakfast-house-3859749?lid=3859749,5.0 stars,CA,-119.26937,"2055 E Main St,",34.277824,http://www.yellowpages.com/ventura-ca/restaurants?page=4
http://www.sharkys.com,Ventura,Sharky's,93003,,(805) 339-9600,http://www.yellowpages.com/ventura-ca/mip/sharkys-4612170?lid=4612170,3.0 stars,CA,-119.22443,"4960 Telephone Rd,",34.26359,http://www.yellowpages.com/ventura-ca/restaurants?page=4
http://www.jonathansatpeiranos.com/,Ventura,Jonathan's at Peirano's,93001,,(805) 648-4853,http://www.yellowpages.com/ventura-ca/mip/jonathans-at-peiranos-471009531?lid=471009531,4.5 stars,CA,-119.29754,"204 E Main St,",34.280846,http://www.yellowpages.com/ventura-ca/restaurants?page=4
,Ventura,Mastro's Deli,93003,,(805) 644-3764,http://www.yellowpages.com/ventura-ca/mip/mastros-deli-15839296?lid=15839296,4.0 stars,CA,-119.24222,"1792 Callens Rd Ste A,",34.256756,http://www.yellowpages.com/ventura-ca/restaurants?page=4
http://www.charlinesonline.com,Ventura,Charline's Urban Tapas & Wine Bar,93001,,(805) 652-2255,http://www.yellowpages.com/ventura-ca/mip/charlines-urban-tapas-wine-bar-8132511?lid=8132511,5.0 stars,CA,-119.2924,"546 E Main St,",34.280853,http://www.yellowpages.com/ventura-ca/restaurants?page=4
,Ventura,Casa De Soria,93001,,(805) 648-2083,http://www.yellowpages.com/ventura-ca/mip/casa-de-soria-6505183?lid=6505183,5.0 stars,CA,-119.27172,"1961 E Thompson Blvd,",34.274635,http://www.yellowpages.com/ventura-ca/restaurants?page=4
http://www.yolandasmexicancafe.com,Ventura,Yolanda's Mexican Restaurants,93003,,(805) 643-2700,http://www.yellowpages.com/ventura-ca/mip/yolandas-mexican-restaurants-8954034?lid=8954034,3.0 stars,CA,-119.25921,"2753 E Main St,",34.273224,http://www.yellowpages.com/ventura-ca/restaurants?page=4
http://www.menuclub.com,Ventura,El Burrito Alegre,93003,,(805) 642-3288,http://www.yellowpages.com/ventura-ca/mip/el-burrito-alegre-4887390?lid=4887390,4.0 stars,CA,-119.23496,"4705 Telephone Rd Ste 1,",34.25967,http://www.yellowpages.com/ventura-ca/restaurants?page=4
http://www.ringstinghotsauce.com,Ventura,Margarita Villa,93001,,(805) 654-7906,http://www.yellowpages.com/ventura-ca/mip/margarita-villa-7678182?lid=7678182,0.0 stars,CA,-119.26584,"1567 Spinnaker Dr Ste 200,",34.240868,http://www.yellowpages.com/ventura-ca/restaurants?page=4
http://www.panerabread.com/,Ventura,Panera Bread,93003,,(805) 658-2700,http://www.yellowpages.com/ventura-ca/mip/panera-bread-464655151?lid=464655151,0.0 stars,CA,-119.225006,"4910 Telephone Rd,",34.263508,http://www.yellowpages.com/ventura-ca/restaurants?page=4
,Ventura,Green Forest,93003,,(805) 339-9855,http://www.yellowpages.com/ventura-ca/mip/green-forest-451034657?lid=451034657,0.0 stars,CA,-119.21444,"5936 Telegraph Rd,",34.278038,http://www.yellowpages.com/ventura-ca/restaurants?page=4
http://www.thelocalcafeventura.com,Ventura,Local Cafe,93001,,(805) 643-0237,http://www.yellowpages.com/ventura-ca/mip/local-cafe-460048894?lid=460048894,0.0 stars,CA,-119.27406,"1751 E Main St,",34.27899,http://www.yellowpages.com/ventura-ca/restaurants?page=4
http://www.cisash-doors.com,Ventura,Zoy's Healthy Mexican Food,93003,,(805) 650-6432,http://www.yellowpages.com/ventura-ca/mip/zoys-healthy-mexican-food-21210414?lid=21210414,0.0 stars,CA,-119.22712,"2646 Palma Dr Ste 100,",34.249134,http://www.yellowpages.com/ventura-ca/restaurants?page=4
http://www.littlecaesars.com,Ventura,Little Caesar's Pizza,93003,,(805) 654-1113,http://www.yellowpages.com/ventura-ca/mip/little-caesars-pizza-473528993?lid=473528993,0.0 stars,CA,-119.21266,"6118 Telegraph Rd,",34.278286,http://www.yellowpages.com/ventura-ca/restaurants?page=4
http://www.freebirds.com,Ventura,Freebirds World Burrito,93003,,(805) 477-0174,http://www.yellowpages.com/ventura-ca/mip/freebirds-world-burrito-462488592?lid=462488592,0.0 stars,CA,-119.21423,"5752 Telephone Rd,",34.265076,http://www.yellowpages.com/ventura-ca/restaurants?page=4
,Ventura,Rusty's Pizza Parlor,93003,,(805) 658-6666,http://www.yellowpages.com/ventura-ca/mip/rustys-pizza-parlor-474736084?lid=474736084,0.0 stars,CA,-119.21172,"1413 S Victoria Ave Ste H,",34.261383,http://www.yellowpages.com/ventura-ca/restaurants?page=4
http://www.whitesandthaibbq.com,Ventura,White Sand Asian Food,93001,,(805) 667-2120,http://www.yellowpages.com/ventura-ca/mip/white-sand-asian-food-460704745?lid=460704745,0.0 stars,CA,-119.29472,"394 E Main St,",34.28082,http://www.yellowpages.com/ventura-ca/restaurants?page=4
http://www.dominos.com,Ventura,Domino's Pizza,93001,,(805) 648-2844,http://www.yellowpages.com/ventura-ca/mip/dominos-pizza-467879397?lid=467879397,0.0 stars,CA,-119.27436,"1802 E Thompson Blvd,",34.27516,http://www.yellowpages.com/ventura-ca/restaurants?page=4
,Ventura,Duke's Griddle 'N Grill,93001,,(805) 653-0707,http://www.yellowpages.com/ventura-ca/mip/dukes-griddle-n-grill-8389024?lid=8389024,0.0 stars,CA,-119.27347,"1124 S Seaward Ave,",34.26338,http://www.yellowpages.com/ventura-ca/restaurants?page=4
,Ventura,Good Time Donut,93001,,(805) 644-0029,http://www.yellowpages.com/ventura-ca/mip/good-time-donut-473057599?lid=473057599,0.0 stars,CA,-119.26857,"2445 Harbor Blvd,",34.2637,http://www.yellowpages.com/ventura-ca/restaurants?page=4
,Ventura,Thompson Donuts,93003,,(805) 643-0108,http://www.yellowpages.com/ventura-ca/mip/thompson-donuts-18619821?lid=18619821,0.0 stars,CA,-119.25863,"2790 E Thompson Blvd,",34.272038,http://www.yellowpages.com/ventura-ca/restaurants?page=4
,Ventura,K D Village Donuts,93003,,(805) 644-6778,http://www.yellowpages.com/ventura-ca/mip/k-d-village-donuts-13650032?lid=13650032,0.0 stars,CA,-119.24305,"3855 Telegraph Rd,",34.2738,http://www.yellowpages.com/ventura-ca/restaurants?page=4
,Ventura,Mrs Rigg's Sandwiches,93003,,(805) 644-3760,http://www.yellowpages.com/ventura-ca/mip/mrs-riggs-sandwiches-3180001?lid=3180001,0.0 stars,CA,-119.24222,"1792 Callens Rd Ste A,",34.256756,http://www.yellowpages.com/ventura-ca/restaurants?page=4
,Ventura,Santa Barbara Chicken Ranch,93003,,(805) 658-8582,http://www.yellowpages.com/ventura-ca/mip/santa-barbara-chicken-ranch-475531091?lid=475531091,0.0 stars,CA,-119.23805,"4020 E Main St,",34.26318,http://www.yellowpages.com/ventura-ca/restaurants?page=4
,Ventura,Sandwich Factory,93003,,(805) 650-0465,http://www.yellowpages.com/ventura-ca/mip/sandwich-factory-5904165?lid=5904165,0.0 stars,CA,-119.23181,"4531 Market St,",34.25728,http://www.yellowpages.com/ventura-ca/restaurants?page=4
http://www.originaltommys.com,Ventura,Original Tommy's Hamburgers,93003,,(805) 650-6647,http://www.yellowpages.com/ventura-ca/mip/original-tommys-hamburgers-467896202?lid=467896202,0.0 stars,CA,-119.21261,"5663 Valentine Rd,",34.251884,http://www.yellowpages.com/ventura-ca/restaurants?page=4
http://fiestarestaurant.com,Ventura,Fiesta Restaurant,93003,,(805) 644-4900,http://www.yellowpages.com/ventura-ca/mip/fiesta-restaurant-2694305?lid=2694305,0.0 stars,CA,-119.21053,"2350 S Victoria Ave,",34.25308,http://www.yellowpages.com/ventura-ca/restaurants?page=4
,Ventura,Pub Tel,93001,,(805) 653-0006,http://www.yellowpages.com/ventura-ca/mip/pub-tel-456802404?lid=456802404,0.0 stars,CA,-119.28944,"739 E Santa Clara St,",34.279545,http://www.yellowpages.com/ventura-ca/restaurants?page=4
,Ventura,Santa Clara House,93001,,(805) 643-3264,http://www.yellowpages.com/ventura-ca/mip/santa-clara-house-6590291?lid=6590291,0.0 stars,CA,-119.29756,"211 E Santa Clara St,",34.279514,http://www.yellowpages.com/ventura-ca/restaurants?page=5
,Ventura,Franky's Place,93001,,(805) 641-0454,http://www.yellowpages.com/ventura-ca/mip/frankys-place-480770556?lid=480770556,0.0 stars,CA,-119.29758,"211 E Santa Clara St,",34.279545,http://www.yellowpages.com/ventura-ca/restaurants?page=5
,Ventura,Johnny's Mexican Food,93001,,(805) 648-2021,http://www.yellowpages.com/ventura-ca/mip/johnnys-mexican-food-1693304?lid=1693304,0.0 stars,CA,-119.300446,"176 N Ventura Ave,",34.28266,http://www.yellowpages.com/ventura-ca/restaurants?page=5
,Ventura,JM West,93001,,(805) 643-5400,http://www.yellowpages.com/ventura-ca/mip/jm-west-468623100?lid=468623100,0.0 stars,CA,-119.28399,"1094 E Meta St,",34.27831,http://www.yellowpages.com/ventura-ca/restaurants?page=5
,Ventura,Landrys Restaurants,93001,,(805) 643-3725,http://www.yellowpages.com/ventura-ca/mip/landrys-restaurants-474738900?lid=474738900,0.0 stars,CA,-119.28297,"567 San Jon Rd,",34.27454,http://www.yellowpages.com/ventura-ca/restaurants?page=5
,Ventura,Gutierrez Drive In,93001,,(805) 643-7228,http://www.yellowpages.com/ventura-ca/mip/gutierrez-drive-in-4771404?lid=4771404,0.0 stars,CA,-119.29493,"173 Kellogg St,",34.29002,http://www.yellowpages.com/ventura-ca/restaurants?page=5
,Ventura,La Zapatia,93001,,(805) 643-3743,http://www.yellowpages.com/ventura-ca/mip/la-zapatia-4087937?lid=4087937,0.0 stars,CA,-119.27576,"1700 E Thompson Blvd,",34.275436,http://www.yellowpages.com/ventura-ca/restaurants?page=5
,Ventura,Gutierrez Drive In,93001,,(805) 643-7228,http://www.yellowpages.com/ventura-ca/mip/gutierrez-drive-in-2744540?lid=2744540,0.0 stars,CA,-119.29747,"1001 N Ventura Ave,",34.29248,http://www.yellowpages.com/ventura-ca/restaurants?page=5
,Ventura,Bear Bits Restaurant & Grill,93001,,(805) 653-9080,http://www.yellowpages.com/ventura-ca/mip/bear-bits-restaurant-grill-481074910?lid=481074910,0.0 stars,CA,-119.29747,"1001 N Ventura Ave,",34.29248,http://www.yellowpages.com/ventura-ca/restaurants?page=5
,Ventura,Surf N Yogurt,93001,,(805) 643-8808,http://www.yellowpages.com/ventura-ca/mip/surf-n-yogurt-481186029?lid=481186029,0.0 stars,CA,-119.272194,"1038 S Seaward Ave,",34.264137,http://www.yellowpages.com/ventura-ca/restaurants?page=5
,Ventura,Tacos Jalisco,93001,,(805) 643-2820,http://www.yellowpages.com/ventura-ca/mip/tacos-jalisco-6749136?lid=6749136,0.0 stars,CA,-119.265366,"2292 E Main St,",34.276543,http://www.yellowpages.com/ventura-ca/restaurants?page=5
,Ventura,Stephen's Market & Grill,93003,,(805) 648-4200,http://www.yellowpages.com/ventura-ca/mip/stephens-market-grill-470865817?lid=470865817,0.0 stars,CA,-119.26079,"2632 E Main St,",34.2743,http://www.yellowpages.com/ventura-ca/restaurants?page=5
,Ventura,Galloping Hen,93003,,(805) 653-0410,http://www.yellowpages.com/ventura-ca/mip/galloping-hen-1931832?lid=1931832,0.0 stars,CA,-119.260796,"305 Borchard Dr,",34.270695,http://www.yellowpages.com/ventura-ca/restaurants?page=5
,Ventura,Gloria's Kitchen,93003,,(805) 653-0732,http://www.yellowpages.com/ventura-ca/mip/glorias-kitchen-9328215?lid=9328215,0.0 stars,CA,-119.2576,"2881 Loma Vista Rd,",34.275387,http://www.yellowpages.com/ventura-ca/restaurants?page=5
,Ventura,Midtown Cafe,93003,,(805) 643-0800,http://www.yellowpages.com/ventura-ca/mip/midtown-cafe-481160016?lid=481160016,0.0 stars,CA,-119.25602,"2991 Loma Vista Rd,",34.27561,http://www.yellowpages.com/ventura-ca/restaurants?page=5
,Ventura,Hero Tech,93003,,(805) 644-4466,http://www.yellowpages.com/ventura-ca/mip/hero-tech-473401696?lid=473401696,0.0 stars,CA,-119.25299,"3143 Strathmore Dr,",34.267326,http://www.yellowpages.com/ventura-ca/restaurants?page=5
,Ventura,Longboard's Grill,93001,,(805) 642-6085,http://www.yellowpages.com/ventura-ca/mip/longboards-grill-4090142?lid=4090142,0.0 stars,CA,-119.263374,"1510 Anchors Way Dr,",34.250298,http://www.yellowpages.com/ventura-ca/restaurants?page=5
,Ventura,Brainfreeze,93003,,(805) 676-1484,http://www.yellowpages.com/ventura-ca/mip/brainfreeze-470026972?lid=470026972,0.0 stars,CA,-119.2499,"3301 E Main St,",34.266914,http://www.yellowpages.com/ventura-ca/restaurants?page=5
,Ventura,La Parilla,93003,,(805) 650-1736,http://www.yellowpages.com/ventura-ca/mip/la-parilla-481271496?lid=481271496,0.0 stars,CA,-119.239456,"100 N Ashwood Ave,",34.275547,http://www.yellowpages.com/ventura-ca/restaurants?page=5
,Ventura,La Famiglia Preschool,93003,,(805) 339-9525,http://www.yellowpages.com/ventura-ca/mip/la-famiglia-preschool-459290745?lid=459290745,0.0 stars,CA,-119.23979,"3916 Dean Dr,",34.266342,http://www.yellowpages.com/ventura-ca/restaurants?page=5
,Ventura,Poppers,93003,,(805) 385-4444,http://www.yellowpages.com/ventura-ca/mip/poppers-481177087?lid=481177087,0.0 stars,CA,-119.23966,"3940 E Main St,",34.26334,http://www.yellowpages.com/ventura-ca/restaurants?page=5
,Ventura,Del Mar Seafoods,93001,,(805) 654-9010,http://www.yellowpages.com/ventura-ca/mip/del-mar-seafoods-460521173?lid=460521173,0.0 stars,CA,-119.26227,"1449 Spinnaker Dr,",34.23944,http://www.yellowpages.com/ventura-ca/restaurants?page=5
,Ventura,Hero Tech Inc.,93003,,(805) 650-1998,http://www.yellowpages.com/ventura-ca/mip/hero-tech-inc-466265519?lid=466265519,0.0 stars,CA,-119.24096,"1507 Callens Rd,",34.259552,http://www.yellowpages.com/ventura-ca/restaurants?page=5
,Ventura,Maggie's On The Avenue,93001,,(805) 641-2548,http://www.yellowpages.com/ventura-ca/mip/maggies-on-the-avenue-7384410?lid=7384410,0.0 stars,CA,-119.29032,"4200 N Ventura Ave,",34.32582,http://www.yellowpages.com/ventura-ca/restaurants?page=5
,Ventura,Sirena Foundation,93003,,(805) 650-6755,http://www.yellowpages.com/ventura-ca/mip/sirena-foundation-472543534?lid=472543534,0.0 stars,CA,-119.24016,"1754 Walter St,",34.256176,http://www.yellowpages.com/ventura-ca/restaurants?page=5
,Ventura,Taqueria El Tapatio 5,93003,,(805) 642-3288,http://www.yellowpages.com/ventura-ca/mip/taqueria-el-tapatio-5-481516122?lid=481516122,0.0 stars,CA,-119.23496,"4705 Telephone Rd,",34.25967,http://www.yellowpages.com/ventura-ca/restaurants?page=5
,Ventura,Santa Cruz Mexican Cuisine,93003,,(805) 644-4115,http://www.yellowpages.com/ventura-ca/mip/santa-cruz-mexican-cuisine-1953368?lid=1953368,0.0 stars,CA,-119.23501,"4587 Telephone Rd,",34.256374,http://www.yellowpages.com/ventura-ca/restaurants?page=5
,Ventura,G F Goodman & Son,93003,,(805) 658-2701,http://www.yellowpages.com/ventura-ca/mip/g-f-goodman-son-473403369?lid=473403369,0.0 stars,CA,-119.225006,"4910 Telephone Rd,",34.263508,http://www.yellowpages.com/ventura-ca/restaurants?page=5
,Ventura,Noisy Cricket Photography,93003,,(805) 816-5519,http://www.yellowpages.com/ventura-ca/mip/noisy-cricket-photography-472850789?lid=472850789,0.0 stars,CA,-119.22284,"1235 Bryce Way,",34.262436,http://www.yellowpages.com/ventura-ca/restaurants?page=5
,Ventura,Hishmeh Enterprises,93003,,(805) 650-9946,http://www.yellowpages.com/ventura-ca/mip/hishmeh-enterprises-469256983?lid=469256983,0.0 stars,CA,-119.220116,"1811 Knoll Dr # A,",34.25607,http://www.yellowpages.com/ventura-ca/restaurants?page=5
,Ventura,Seoul Young Sik,93003,,(805) 642-2043,http://www.yellowpages.com/ventura-ca/mip/seoul-young-sik-453545765?lid=453545765,0.0 stars,CA,-119.21195,"6250 Telegraph Rd Apt 106,",34.27839,http://www.yellowpages.com/ventura-ca/restaurants?page=6
,Ventura,Integrated Support Solutions Inc,93009,,(805) 658-2876,http://www.yellowpages.com/ventura-ca/mip/integrated-support-solutions-inc-18644141?lid=18644141,0.0 stars,CA,-119.21275,"800 S Victoria Ave,",34.267895,http://www.yellowpages.com/ventura-ca/restaurants?page=6
,Ventura,Miles Management Corp,93003,,(805) 650-8319,http://www.yellowpages.com/ventura-ca/mip/miles-management-corp-473396511?lid=473396511,0.0 stars,CA,-119.211044,"1771 S Victoria Ave,",34.258198,http://www.yellowpages.com/ventura-ca/restaurants?page=6
,Ventura,Vw's Cafe,93003,,(805) 639-9045,http://www.yellowpages.com/ventura-ca/mip/vws-cafe-473692254?lid=473692254,0.0 stars,CA,-119.21053,"1985 S Victoria Ave,",34.255898,http://www.yellowpages.com/ventura-ca/restaurants?page=6
,Ventura,Cafe Nefola,93003,,(805) 642-6352,http://www.yellowpages.com/ventura-ca/mip/cafe-nefola-480295502?lid=480295502,0.0 stars,CA,-119.209366,"3000 Bunsen Ave,",34.24343,http://www.yellowpages.com/ventura-ca/restaurants?page=6
,Ventura,Taco Solorio,93003,,(805) 650-6036,http://www.yellowpages.com/ventura-ca/mip/taco-solorio-8347729?lid=8347729,0.0 stars,CA,-119.20365,"6336 Bristol Rd,",34.253624,http://www.yellowpages.com/ventura-ca/restaurants?page=6
,Ventura,Jaren Products,93003,,(805) 659-2071,http://www.yellowpages.com/ventura-ca/mip/jaren-products-30697023?lid=30697023,0.0 stars,CA,-119.19365,"7148 Marmota St,",34.260067,http://www.yellowpages.com/ventura-ca/restaurants?page=6
,Ventura,Fresh Burrito Mexican Grill,93003,,(805) 658-1688,http://www.yellowpages.com/ventura-ca/mip/fresh-burrito-mexican-grill-10694311?lid=10694311,0.0 stars,CA,-119.19607,"2855 Johnson Dr,",34.248356,http://www.yellowpages.com/ventura-ca/restaurants?page=6
,Ventura,Fisherman's Choice Charbroiler,93003,,(805) 650-9825,http://www.yellowpages.com/ventura-ca/mip/fishermans-choice-charbroiler-1803637?lid=1803637,0.0 stars,CA,-119.19508,"2950 Johnson Dr,",34.247246,http://www.yellowpages.com/ventura-ca/restaurants?page=6
,Ventura,Fortune Cooky,93003,,(805) 654-8537,http://www.yellowpages.com/ventura-ca/mip/fortune-cooky-7542980?lid=7542980,0.0 stars,CA,-119.19508,"2950 Johnson Dr,",34.247246,http://www.yellowpages.com/ventura-ca/restaurants?page=6
,Ventura,Tony's Burrito Hut,93004,,(805) 647-1270,http://www.yellowpages.com/ventura-ca/mip/tonys-burrito-hut-4983073?lid=4983073,4.0 stars,CA,-119.17236,"9286 Telephone Rd,",34.271267,http://www.yellowpages.com/ventura-ca/restaurants?page=6
,Ventura,Cordello's Pizza,93001,,(805) 648-1070,http://www.yellowpages.com/ventura-ca/mip/cordellos-pizza-10937336?lid=10937336,5.0 stars,CA,-119.27576,"1700 E Thompson Blvd,",34.275436,http://www.yellowpages.com/ventura-ca/restaurants?page=6
,Ventura,Christy's Deli,93001,,(805) 642-3116,http://www.yellowpages.com/ventura-ca/mip/christys-deli-14498288?lid=14498288,5.0 stars,CA,-119.265816,"1559 Spinnaker Dr # 105,",34.240784,http://www.yellowpages.com/ventura-ca/restaurants?page=6
,Ventura,San Martin Fresh Mexican Grill,93003,,(805) 643-8950,http://www.yellowpages.com/ventura-ca/mip/san-martin-fresh-mexican-grill-11042905?lid=11042905,5.0 stars,CA,-119.25899,"2770 E Main St,",34.27307,http://www.yellowpages.com/ventura-ca/restaurants?page=6
,Ventura,Toki Restaurant,93003,,(805) 644-8654,http://www.yellowpages.com/ventura-ca/mip/toki-restaurant-452239320?lid=452239320,5.0 stars,CA,-119.19584,"2850 Johnson Dr # E,",34.248272,http://www.yellowpages.com/ventura-ca/restaurants?page=6
,Ventura,Meharaja Indian Cuisine,93003,,(805) 641-3644,http://www.yellowpages.com/ventura-ca/mip/meharaja-indian-cuisine-479872738?lid=479872738,4.0 stars,CA,-119.26373,"2437 E Main St,",34.275764,http://www.yellowpages.com/ventura-ca/restaurants?page=6
http://www.daphnes.biz,Ventura,Daphne's California Greek,93003,,(805) 477-0276,http://www.yellowpages.com/ventura-ca/mip/daphnes-california-greek-5348826?lid=5348826,3.0 stars,CA,-119.21089,"1708 S Victoria Ave # B,",34.25855,http://www.yellowpages.com/ventura-ca/restaurants?page=6
http://www.habitburger.com,Ventura,The Habit Burger Grill,93001,,(805) 667-2065,http://www.yellowpages.com/ventura-ca/mip/the-habit-burger-grill-473720962?lid=473720962,2.0 stars,CA,-119.29314,"487 E Thompson Blvd,",34.27825,http://www.yellowpages.com/ventura-ca/restaurants?page=6
http://www.cajunkitchencafesb.com,Ventura,Cajun Kitchen Cafe,93001,,(805) 643-7701,http://www.yellowpages.com/ventura-ca/mip/cajun-kitchen-cafe-11966959?lid=11966959,0.0 stars,CA,-119.29621,"301 E Main St,",34.280846,http://www.yellowpages.com/ventura-ca/restaurants?page=6
http://www.bonanos.com/,Ventura,Bonanos Fine Peruvian Cuisine,93003,,(805) 339-9860,http://www.yellowpages.com/ventura-ca/mip/bonanos-fine-peruvian-cuisine-22767271?lid=22767271,0.0 stars,CA,-119.239456,"100 N Ashwood Ave,",34.275547,http://www.yellowpages.com/ventura-ca/restaurants?page=6
http://www.chuckecheese.com/,Ventura,Pizza Time Theatre,93003,,(805) 644-9777,http://www.yellowpages.com/ventura-ca/mip/pizza-time-theatre-464713687?lid=464713687,0.0 stars,CA,-119.23471,"4714 Telephone Rd,",34.259884,http://www.yellowpages.com/ventura-ca/restaurants?page=6
http://www.snapperjackstacoshack.com/id74.html,Ventura,Snapper Jack's Taco Shack,93003,,(805) 642-5111,http://www.yellowpages.com/ventura-ca/mip/snapper-jacks-taco-shack-455656458?lid=455656458,0.0 stars,CA,-119.22652,"5100 Telegraph Rd,",34.27623,http://www.yellowpages.com/ventura-ca/restaurants?page=6
http://www.issi.org,Ventura,Bistro 800,93009,,(805) 650-1146,http://www.yellowpages.com/ventura-ca/mip/bistro-800-9436602?lid=9436602,0.0 stars,CA,-119.21275,"800 S Victoria Ave,",34.267895,http://www.yellowpages.com/ventura-ca/restaurants?page=6
http://www.littlecaesars.com,Ventura,Little Caesars Pizza,93001,,(805) 667-2038,http://www.yellowpages.com/ventura-ca/mip/little-caesars-pizza-475590008?lid=475590008,0.0 stars,CA,-119.301834,"67 W Main St,",34.28121,http://www.yellowpages.com/ventura-ca/restaurants?page=6
http://www.taqueriatepatitlan.com,Ventura,Taqueria Tepatitlan,93001,,(805) 653-0508,http://www.yellowpages.com/ventura-ca/mip/taqueria-tepatitlan-13015973?lid=13015973,0.0 stars,CA,-119.29956,"362 N Ventura Ave,",34.285572,http://www.yellowpages.com/ventura-ca/restaurants?page=6
,Ventura,Russell's Donuts,93001,,(805) 648-4337,http://www.yellowpages.com/ventura-ca/mip/russells-donuts-4313531?lid=4313531,0.0 stars,CA,-119.29877,"571 N Ventura Ave,",34.288166,http://www.yellowpages.com/ventura-ca/restaurants?page=6
http://www.elasadero.com,Ventura,El Asadero,93001,,(805) 641-3682,http://www.yellowpages.com/ventura-ca/mip/el-asadero-456847066?lid=456847066,0.0 stars,CA,-119.29766,"920 N Ventura Ave,",34.291843,http://www.yellowpages.com/ventura-ca/restaurants?page=6
,Ventura,Andres Art Gallery,93001,,(805) 642-9463,http://www.yellowpages.com/ventura-ca/mip/andres-art-gallery-22783055?lid=22783055,0.0 stars,CA,-119.26584,"1575 Spinnaker Dr # 101A,",34.240887,http://www.yellowpages.com/ventura-ca/restaurants?page=6
http://venturatoday.net,Ventura,Evita's Mexican Cafe,93003,,(805) 656-4571,http://www.yellowpages.com/ventura-ca/mip/evitas-mexican-cafe-5528699?lid=5528699,0.0 stars,CA,-119.240906,"3868 E Main St,",34.263687,http://www.yellowpages.com/ventura-ca/restaurants?page=6
http://giovanniscarp.com/,Ventura,Giovannis of Ventura,93003,,(805) 650-6080,http://www.yellowpages.com/ventura-ca/mip/giovannis-of-ventura-358334?lid=358334,0.0 stars,CA,-119.21104,"1780 S Victoria Ave,",34.25818,http://www.yellowpages.com/ventura-ca/restaurants?page=6
,Ventura,Taqueria Vallarta,93001,,(805) 643-3037,http://www.yellowpages.com/ventura-ca/mip/taqueria-vallarta-6851536?lid=6851536,0.0 stars,CA,-119.29703,"278 E Main St,",34.280846,http://www.yellowpages.com/ventura-ca/restaurants?page=7
,Ventura,Sicilian Wing,93004,,(805) 212-8214,http://www.yellowpages.com/ventura-ca/mip/sicilian-wing-473401708?lid=473401708,0.0 stars,CA,-119.17353,"1936 Topaz Ave,",34.261112,http://www.yellowpages.com/ventura-ca/restaurants?page=7
,Ventura,Shack the Yak,93004,,(805) 644-4213,http://www.yellowpages.com/ventura-ca/mip/shack-the-yak-463258527?lid=463258527,0.0 stars,CA,-119.16648,"681 Cachuma Ave,",34.281803,http://www.yellowpages.com/ventura-ca/restaurants?page=7
,Ventura,Pub Tel,93004,,(805) 647-9526,http://www.yellowpages.com/ventura-ca/mip/pub-tel-22929444?lid=22929444,0.0 stars,CA,-119.166824,"10609 Telegraph Rd,",34.291748,http://www.yellowpages.com/ventura-ca/restaurants?page=7
http://www.jimmyslice.com,Ventura,Jimmys Slice,93001,,(805) 648-6133,http://www.yellowpages.com/ventura-ca/mip/jimmys-slice-11008840?lid=11008840,4.0 stars,CA,-119.29176,"586 E Main St,",34.280857,http://www.yellowpages.com/ventura-ca/restaurants?page=7
,Ventura,Capriccio,93001,,(805) 643-7115,http://www.yellowpages.com/ventura-ca/mip/capriccio-4732125?lid=4732125,5.0 stars,CA,-119.29621,"298 E Main St,",34.280846,http://www.yellowpages.com/ventura-ca/restaurants?page=7
http://www.tuttisoffmain.com/,Ventura,Tutti's Off Main,93001,,(805) 643-0880,http://www.yellowpages.com/ventura-ca/mip/tuttis-off-main-20064951?lid=20064951,3.0 stars,CA,-119.29621,"34 N Palm St,",34.281277,http://www.yellowpages.com/ventura-ca/restaurants?page=7
,Ventura,Casa De Rio Mexican Food,93004,,(805) 647-4066,http://www.yellowpages.com/ventura-ca/mip/casa-de-rio-mexican-food-15522205?lid=15522205,3.0 stars,CA,-119.150566,"1164 S Wells Rd,",34.283184,http://www.yellowpages.com/ventura-ca/restaurants?page=7
http://www.yoliesventura.com/,Ventura,Yolie's Fresh Mex Grill,93001,,(805) 652-0338,http://www.yellowpages.com/ventura-ca/mip/yolies-fresh-mex-grill-1204296?lid=1204296,4.0 stars,CA,-119.30317,"138 W Main St,",34.28137,http://www.yellowpages.com/ventura-ca/restaurants?page=7
http://drinkblenders.com,Ventura,Blender In The Grass,93003,,(805) 642-4557,http://www.yellowpages.com/ventura-ca/mip/blender-in-the-grass-455324348?lid=455324348,4.0 stars,CA,-119.246475,"488 S Mills Rd Ste 102,",34.267403,http://www.yellowpages.com/ventura-ca/restaurants?page=7
http://www.mariabonitagourmet.com,Ventura,Maria Bonita,93001,,(805) 652-0247,http://www.yellowpages.com/ventura-ca/mip/maria-bonita-510850?lid=510850,1.0 stars,CA,-119.29718,"256 E Main St,",34.280846,http://www.yellowpages.com/ventura-ca/restaurants?page=7
http://www.smashburger.com,Ventura,Smashburger Thousand Oaks,93003,,(303) 633-1500,http://www.yellowpages.com/ventura-ca/mip/smashburger-thousand-oaks-471950306?lid=471950306,,CA,-119.29232,"650 North Moorpark Road,",34.28082,http://www.yellowpages.com/ventura-ca/restaurants?page=7
http://www.pizza-chief.com,Ventura,Pizza Chief,93004,,(805) 647-8888,http://www.yellowpages.com/ventura-ca/mip/pizza-chief-456028331?lid=456028331,0.0 stars,CA,-119.191826,"7770 Telegraph Rd Ste G,",34.28129,http://www.yellowpages.com/ventura-ca/restaurants?page=7
http://www.hungryhowies.com/,Ventura,Hungry Howie's Pizza,93001,,(805) 643-4000,http://www.yellowpages.com/ventura-ca/mip/hungry-howies-pizza-461361651?lid=461361651,0.0 stars,CA,-119.27814,"1504 E Thompson Blvd,",34.27591,http://www.yellowpages.com/ventura-ca/restaurants?page=7
http://www.twotreescafe.com,Ventura,Two Trees Cafe,93004,,(805) 659-3365,http://www.yellowpages.com/ventura-ca/mip/two-trees-cafe-9316556?lid=9316556,0.0 stars,CA,-119.19127,"7822 Telegraph Rd,",34.281364,http://www.yellowpages.com/ventura-ca/restaurants?page=7
,Ventura,Angie's Deli & Mexican Food,93001,,(805) 652-0490,http://www.yellowpages.com/ventura-ca/mip/angies-deli-mexican-food-7039569?lid=7039569,0.0 stars,CA,-119.2968,"1285 N Ventura Ave,",34.2947,http://www.yellowpages.com/ventura-ca/restaurants?page=7
http://www.miascafe.com,Ventura,Mia's Place,93004,,(805) 659-2244,http://www.yellowpages.com/ventura-ca/mip/mias-place-453748783?lid=453748783,0.0 stars,CA,-119.16945,"1129 Petit Ave,",34.271233,http://www.yellowpages.com/ventura-ca/restaurants?page=7
,Ventura,Bella's Beauty Bar,93001,,(805) 643-2171,http://www.yellowpages.com/ventura-ca/mip/bellas-beauty-bar-1354640?lid=1354640,0.0 stars,CA,-119.29313,"79 S California St,",34.27982,http://www.yellowpages.com/ventura-ca/restaurants?page=7
,Ventura,Cabo Beach Grill,93003,,(805) 642-9500,http://www.yellowpages.com/ventura-ca/mip/cabo-beach-grill-8728957?lid=8728957,0.0 stars,CA,-119.214264,"5968 Telegraph Rd,",34.27806,http://www.yellowpages.com/ventura-ca/restaurants?page=7
,Ventura,Los Comales Mexican Food,93004,,(805) 647-0640,http://www.yellowpages.com/ventura-ca/mip/los-comales-mexican-food-896343?lid=896343,0.0 stars,CA,-119.15021,"11012 Violeta St,",34.282993,http://www.yellowpages.com/ventura-ca/restaurants?page=7
,Ventura,Sh & Chung Inc,93004,,(805) 647-1002,http://www.yellowpages.com/ventura-ca/mip/sh-chung-inc-470207347?lid=470207347,0.0 stars,CA,-119.14744,"1323 Los Angeles Ave,",34.28279,http://www.yellowpages.com/ventura-ca/restaurants?page=7
,Ventura,Monarca Restaurante,93004,,(805) 647-0488,http://www.yellowpages.com/ventura-ca/mip/monarca-restaurante-480153356?lid=480153356,0.0 stars,CA,-119.14725,"11181 Azahar St,",34.284092,http://www.yellowpages.com/ventura-ca/restaurants?page=7
,Ventura,Locheria Ameca,93004,,(805) 647-0488,http://www.yellowpages.com/ventura-ca/mip/locheria-ameca-5013749?lid=5013749,0.0 stars,CA,-119.14725,"11181 Azahar St,",34.284092,http://www.yellowpages.com/ventura-ca/restaurants?page=7
,Ventura,The Sandwich Man,93004,,(805) 647-5374,http://www.yellowpages.com/ventura-ca/mip/the-sandwich-man-3095268?lid=3095268,0.0 stars,CA,-119.14253,"1575 Los Angeles Ave,",34.279293,http://www.yellowpages.com/ventura-ca/restaurants?page=7
http://www.pizzachief.com,Ventura,Pizza Chief,93001,,(805) 648-1877,http://www.yellowpages.com/ventura-ca/mip/pizza-chief-14092157?lid=14092157,3.5 stars,CA,-119.27595,"1612 E Main St,",34.279453,http://www.yellowpages.com/ventura-ca/restaurants?page=7
,Ventura,Corrales Restaurant,93001,,(805) 643-1043,http://www.yellowpages.com/ventura-ca/mip/corrales-restaurant-5613791?lid=5613791,5.0 stars,CA,-119.28855,"795 E Thompson Blvd,",34.27828,http://www.yellowpages.com/ventura-ca/restaurants?page=7
http://www.hungryhowies.com/,Ventura,Hungry Howie's Pizza,93004,,(805) 647-8100,http://www.yellowpages.com/ventura-ca/mip/hungry-howies-pizza-1571706?lid=1571706,4.0 stars,CA,-119.161316,"1087 Scandia Ave,",34.279366,http://www.yellowpages.com/ventura-ca/restaurants?page=7
http://www.ericericssons.com,Ventura,Beach House Tacos,93001,,(805) 648-3177,http://www.yellowpages.com/ventura-ca/mip/beach-house-tacos-456043577?lid=456043577,0.0 stars,CA,-119.290596,"668 Harbor Blvd,",34.27638,http://www.yellowpages.com/ventura-ca/restaurants?page=7
,Ventura,Tony's Pizzeria,93001,,(805) 643-8425,http://www.yellowpages.com/ventura-ca/mip/tonys-pizzeria-9643590?lid=9643590,4.0 stars,CA,-119.298195,"186 E Thompson Blvd,",34.278244,http://www.yellowpages.com/ventura-ca/restaurants?page=7
,Ventura,Lalo's,93001,,(805) 667-6628,http://www.yellowpages.com/ventura-ca/mip/lalos-6681026?lid=6681026,5.0 stars,CA,-119.296104,"1580 N Ventura Ave,",34.29696,http://www.yellowpages.com/ventura-ca/restaurants?page=7
http://www.mexicanexpressventura.com,Ventura,Mexican Express,93004,,(805) 647-8182,http://www.yellowpages.com/ventura-ca/mip/mexican-express-8955837?lid=8955837,4.5 stars,CA,-119.16183,"10235 Telephone Rd,",34.27745,http://www.yellowpages.com/ventura-ca/restaurants?page=8
http://prestopasta.com,Ventura,Presto Pasta,93003,,(805) 658-2898,http://www.yellowpages.com/ventura-ca/mip/presto-pasta-18542371?lid=18542371,4.5 stars,CA,-119.21479,"5722 Telephone Rd,",34.264996,http://www.yellowpages.com/ventura-ca/restaurants?page=8
http://www.elreycantina.com,Ventura,El Rey Cantina,93001,,(805) 653-1111,http://www.yellowpages.com/ventura-ca/mip/el-rey-cantina-8228439?lid=8228439,0.0 stars,CA,-119.29625,"294 E Main St,",34.28081,http://www.yellowpages.com/ventura-ca/restaurants?page=8
http://www.in-n-out.com/,Ventura,In-N-Out Burger,93001,,(800) 786-1000,http://www.yellowpages.com/ventura-ca/mip/in-n-out-burger-18645687?lid=18645687,4.0 stars,CA,-119.27312,"2070 Harbor Blvd,",34.268066,http://www.yellowpages.com/ventura-ca/restaurants?page=8
http://www.pizzahut.com,Ventura,Pizza Hut,93003,,(805) 648-2593,http://www.yellowpages.com/ventura-ca/mip/pizza-hut-473499415?lid=473499415,0.0 stars,CA,-119.262085,"2611 E Thompson Blvd,",34.272736,http://www.yellowpages.com/ventura-ca/restaurants?page=8
http://www.carlsjr.com,Ventura,Carl's Jr.,93003,,(805) 339-9281,http://www.yellowpages.com/ventura-ca/mip/carls-jr-473209173?lid=473209173,0.0 stars,CA,-119.21105,"1745 S Victoria Ave,",34.258244,http://www.yellowpages.com/ventura-ca/restaurants?page=8
http://www.pickupstix.com/,Ventura,Pick Up Stix,93003,,(805) 650-1228,http://www.yellowpages.com/ventura-ca/mip/pick-up-stix-474492387?lid=474492387,0.0 stars,CA,-119.224075,"4990 Telephone Rd,",34.263645,http://www.yellowpages.com/ventura-ca/restaurants?page=8
http://www.smfishco.com/,Ventura,Spencer Makenzie's Fish Co,93003,,(805) 643-8226,http://www.yellowpages.com/ventura-ca/mip/spencer-makenzies-fish-co-480197117?lid=480197117,0.0 stars,CA,-119.22482,"1879 Portola Rd,",34.256424,http://www.yellowpages.com/ventura-ca/restaurants?page=8
http://www.carlsjr.com,Ventura,Carl's Jr.,93003,,(805) 676-9185,http://www.yellowpages.com/ventura-ca/mip/carls-jr-12616671?lid=12616671,0.0 stars,CA,-119.19361,"3015 Johnson Dr,",34.246098,http://www.yellowpages.com/ventura-ca/restaurants?page=8
http://www.sbarro.com,Ventura,Sbarro Italian Eatery,93003,,(805) 289-1463,http://www.yellowpages.com/ventura-ca/mip/sbarro-italian-eatery-481273336?lid=481273336,0.0 stars,CA,-119.2499,"3301 E Main St # 2521,",34.266914,http://www.yellowpages.com/ventura-ca/restaurants?page=8
http://www.bostonmarket.com/,Ventura,Boston Market,93003,,(805) 639-4004,http://www.yellowpages.com/ventura-ca/mip/boston-market-73643?lid=73643,0.0 stars,CA,-119.21109,"1725 S Victoria Ave,",34.25849,http://www.yellowpages.com/ventura-ca/restaurants?page=8
http://www.pizzahut.com,Ventura,Pizza Hut,93003,,(805) 644-7700,http://www.yellowpages.com/ventura-ca/mip/pizza-hut-473531121?lid=473531121,1.0 stars,CA,-119.21166,"1455 S Victoria Ave,",34.26111,http://www.yellowpages.com/ventura-ca/restaurants?page=9
http://www.charleyssteakery.com,Ventura,Charley's Grilled Subs,93003,,(805) 658-7700,http://www.yellowpages.com/ventura-ca/mip/charleys-grilled-subs-473768854?lid=473768854,0.0 stars,CA,-119.2499,"3301 E Main St,",34.266914,http://www.yellowpages.com/ventura-ca/restaurants?page=9
http://www.wienerschnitzel.com,Ventura,Wienerschnitzel,93001,,(805) 653-9280,http://www.yellowpages.com/ventura-ca/mip/wienerschnitzel-14453708?lid=14453708,0.0 stars,CA,-119.27228,"2172 Harbor Blvd,",34.266888,http://www.yellowpages.com/ventura-ca/restaurants?page=9
http://www.fatburger.com/,Ventura,Fatburger,93003,,(805) 676-1140,http://www.yellowpages.com/ventura-ca/mip/fatburger-4041371?lid=4041371,5.0 stars,CA,-119.21104,"1780 S Victoria Ave # E,",34.25818,http://www.yellowpages.com/ventura-ca/restaurants?page=9
http://www.carlsjr.com,Ventura,Carl's Jr.,93003,,(805) 641-0401,http://www.yellowpages.com/ventura-ca/mip/carls-jr-473761789?lid=473761789,0.0 stars,CA,-119.26448,"2427 E Thompson Blvd,",34.273212,http://www.yellowpages.com/ventura-ca/restaurants?page=9
http://www.bk.com/,Ventura,Burger King,93001,,(805) 643-8072,http://www.yellowpages.com/ventura-ca/mip/burger-king-1265282?lid=1265282,0.0 stars,CA,-119.30093,"21 W Main St,",34.28111,http://www.yellowpages.com/ventura-ca/restaurants?page=9
http://www.jackinthebox.com/,Ventura,Jack in the Box,93004,,(805) 647-5451,http://www.yellowpages.com/ventura-ca/mip/jack-in-the-box-3878543?lid=3878543,0.0 stars,CA,-119.1577,"11044 Citrus Dr,",34.2918,http://www.yellowpages.com/ventura-ca/restaurants?page=9
http://www.waybackburgers.com/,Ventura,Jakes Wayback Burgers,93003,,(805) 644-5888,http://www.yellowpages.com/ventura-ca/mip/jakes-wayback-burgers-474085598?lid=474085598,5.0 stars,CA,-119.22443,"4960 Telephone Rd,",34.26359,http://www.yellowpages.com/ventura-ca/restaurants?page=9
http://www.dominos.com/,Ventura,Domino's,93001,,(805) 648-1100,http://www.yellowpages.com/ventura-ca/mip/dominos-8353601?lid=8353601,0.0 stars,CA,-119.297424,"1017 N Ventura Ave,",34.292618,http://www.yellowpages.com/ventura-ca/restaurants?page=9
http://www.wendys.com/,Ventura,Wendy's,93003,,(805) 648-7325,http://www.yellowpages.com/ventura-ca/mip/wendys-10348971?lid=10348971,0.0 stars,CA,-119.261215,"2662 E Thompson Blvd,",34.27256,http://www.yellowpages.com/ventura-ca/restaurants?page=9
http://www.dominos.com/,Ventura,Domino's,93003,,(805) 658-0080,http://www.yellowpages.com/ventura-ca/mip/dominos-1092107?lid=1092107,0.0 stars,CA,-119.22652,"5100 Telegraph Rd,",34.27623,http://www.yellowpages.com/ventura-ca/restaurants?page=9
http://www.wendys.com/,Ventura,Wendy's,93003,,(805) 642-8790,http://www.yellowpages.com/ventura-ca/mip/wendys-9957754?lid=9957754,0.0 stars,CA,-119.21174,"1401 S Victoria Ave,",34.261463,http://www.yellowpages.com/ventura-ca/restaurants?page=9
http://www.jackinthebox.com/,Ventura,Jack in the Box,93003,,(805) 658-1723,http://www.yellowpages.com/ventura-ca/mip/jack-in-the-box-6290789?lid=6290789,0.0 stars,CA,-119.21028,"2115 S Victoria Ave,",34.254585,http://www.yellowpages.com/ventura-ca/restaurants?page=9
http://www.dominos.com/,Ventura,Domino's,93003,,(805) 658-9911,http://www.yellowpages.com/ventura-ca/mip/dominos-451358382?lid=451358382,0.0 stars,CA,-119.19508,"2950 Johnson Dr,",34.247246,http://www.yellowpages.com/ventura-ca/restaurants?page=9
http://www.tacobell.com/,Ventura,Taco Bell,93003,,(805) 676-1285,http://www.yellowpages.com/ventura-ca/mip/taco-bell-30530853?lid=30530853,0.0 stars,CA,-119.19622,"2800 Johnson Dr,",34.24948,http://www.yellowpages.com/ventura-ca/restaurants?page=9
http://www.tacobell.com/,Ventura,Taco Bell,93001,,(805) 648-2076,http://www.yellowpages.com/ventura-ca/mip/taco-bell-30684773?lid=30684773,0.0 stars,CA,-119.26607,"2250 E Main St,",34.27684,http://www.yellowpages.com/ventura-ca/restaurants?page=9
http://www.topperspizzaplace.com,Ventura,Toppers Pizza Place,93003,,(805) 385-4444,http://www.yellowpages.com/ventura-ca/mip/toppers-pizza-place-458007328?lid=458007328,0.0 stars,CA,-119.23966,"3940 E Main St,",34.26334,http://www.yellowpages.com/ventura-ca/restaurants?page=9
http://www.deltaco.com/,Ventura,Del Taco,93003,,(805) 642-2145,http://www.yellowpages.com/ventura-ca/mip/del-taco-4088478?lid=4088478,0.0 stars,CA,-119.23256,"4393 E Main St,",34.262314,http://www.yellowpages.com/ventura-ca/restaurants?page=9
http://www.tacobell.com/,Ventura,Taco Bell,93004,,(805) 659-5337,http://www.yellowpages.com/ventura-ca/mip/taco-bell-30804403?lid=30804403,0.0 stars,CA,-119.19064,"7880 Telegraph Rd,",34.281445,http://www.yellowpages.com/ventura-ca/restaurants?page=9
http://www.jerseymikes.com,Ventura,Jersey Mike's Subs,93001,,(805) 652-1680,http://www.yellowpages.com/ventura-ca/mip/jersey-mikes-subs-8551037?lid=8551037,0.0 stars,CA,-119.29504,"377 E Main St,",34.280853,http://www.yellowpages.com/ventura-ca/restaurants?page=9
http://www.tacobell.com/,Ventura,Taco Bell,93001,,(805) 643-0382,http://www.yellowpages.com/ventura-ca/mip/taco-bell-453667010?lid=453667010,0.0 stars,CA,-119.301506,"35 W Main St,",34.28118,http://www.yellowpages.com/ventura-ca/restaurants?page=9
http://www.tacotime.com,Ventura,TacoTime,93001,,(805) 648-5003,http://www.yellowpages.com/ventura-ca/mip/tacotime-460243157?lid=460243157,0.0 stars,CA,-119.299515,"371 N Ventura Ave,",34.285717,http://www.yellowpages.com/ventura-ca/restaurants?page=9
http://www.tophatburgerpalace.com,Ventura,Top Hat Burger Palace,93001,,(805) 643-9696,http://www.yellowpages.com/ventura-ca/mip/top-hat-burger-palace-2546346?lid=2546346,5.0 stars,CA,-119.269325,"2050 E Main St,",34.277813,http://www.yellowpages.com/ventura-ca/restaurants?page=10
http://www.dominos.com/,Ventura,Domino's,93003,,(805) 650-9946,http://www.yellowpages.com/ventura-ca/mip/dominos-471115648?lid=471115648,0.0 stars,CA,-119.22449,"2421 Portola Rd Ste A,",34.250393,http://www.yellowpages.com/ventura-ca/restaurants?page=10
http://www.dominos.com/,Ventura,Domino's,93003,,(805) 650-9946,http://www.yellowpages.com/ventura-ca/mip/dominos-22332878?lid=22332878,0.0 stars,CA,-119.220116,"1811 Knoll Dr,",34.25607,http://www.yellowpages.com/ventura-ca/restaurants?page=10
http://www.jerseymikes.com,Ventura,Jersey Mike's Subs,93003,,(805) 644-9040,http://www.yellowpages.com/ventura-ca/mip/jersey-mikes-subs-17171909?lid=17171909,0.0 stars,CA,-119.212135,"1145 S Victoria Ave,",34.263298,http://www.yellowpages.com/ventura-ca/restaurants?page=10
,Ventura,Taqueria Cuernavaca,93001,,(805) 653-8052,http://www.yellowpages.com/ventura-ca/mip/taqueria-cuernavaca-11768958?lid=11768958,0.0 stars,CA,-119.297165,"1117 N Ventura Ave,",34.293457,http://www.yellowpages.com/ventura-ca/restaurants?page=10
http://www.orangejulius.com,Ventura,Orange Julius,93003,,(805) 339-0898,http://www.yellowpages.com/ventura-ca/mip/orange-julius-468221246?lid=468221246,0.0 stars,CA,-119.2499,"3301 E Main St Ste 2060,",34.266914,http://www.yellowpages.com/ventura-ca/restaurants?page=10
http://www.jerseymikes.com,Ventura,Jersey Mike's Subs,93003,,(805) 650-1837,http://www.yellowpages.com/ventura-ca/mip/jersey-mikes-subs-474958715?lid=474958715,0.0 stars,CA,-119.24698,"363 S Mills Rd,",34.26909,http://www.yellowpages.com/ventura-ca/restaurants?page=10
http://www.togos.com,Ventura,Togos Eatery,93003,,(805) 654-1188,http://www.yellowpages.com/ventura-ca/mip/togos-eatery-467109692?lid=467109692,0.0 stars,CA,-119.23451,"4726 Telephone Rd,",34.26021,http://www.yellowpages.com/ventura-ca/restaurants?page=10
http://www.chick-fil-a.com/,Ventura,Chick-Fil-A,93003,,(805) 339-0977,http://www.yellowpages.com/ventura-ca/mip/chick-fil-a-475501868?lid=475501868,0.0 stars,CA,-119.230385,"1321 Eastman Ave,",34.26116,http://www.yellowpages.com/ventura-ca/restaurants?page=10
http://www.tacodelmar.com/,Ventura,Taco del Mar,93004,,(805) 642-1240,http://www.yellowpages.com/ventura-ca/mip/taco-del-mar-474456163?lid=474456163,0.0 stars,CA,-119.187614,"7899 Telephone Rd,",34.269016,http://www.yellowpages.com/ventura-ca/restaurants?page=10
http://www.elpolloloco.com,Ventura,El Pollo Loco,93003,,(805) 654-1723,http://www.yellowpages.com/ventura-ca/mip/el-pollo-loco-459002183?lid=459002183,4.0 stars,CA,-119.21109,"1722 S Victoria Ave,",34.2585,http://www.yellowpages.com/ventura-ca/restaurants?page=10
http://www.bk.com/,Ventura,Burger King,93003,,(805) 644-4851,http://www.yellowpages.com/ventura-ca/mip/burger-king-4344837?lid=4344837,2.0 stars,CA,-119.21436,"5950 Telegraph Rd,",34.27805,http://www.yellowpages.com/ventura-ca/restaurants?page=10
http://www.jackinthebox.com/,Ventura,Jack in the Box,93003,,(805) 643-6617,http://www.yellowpages.com/ventura-ca/mip/jack-in-the-box-9648843?lid=9648843,0.0 stars,CA,-119.265625,"2352 E Thompson Blvd,",34.273438,http://www.yellowpages.com/ventura-ca/restaurants?page=10
http://www.bajafresh.com,Ventura,Baja Fresh Mexican Grill,93003,,(805) 650-3535,http://www.yellowpages.com/ventura-ca/mip/baja-fresh-mexican-grill-2895045?lid=2895045,1.0 stars,CA,-119.23451,"4726 Telephone Rd,",34.26021,http://www.yellowpages.com/ventura-ca/restaurants?page=10
http://www.ozekiisushi.com,Ventura,Ozeki Sushi,93003,,(805) 477-9897,http://www.yellowpages.com/ventura-ca/mip/ozeki-sushi-13034731?lid=13034731,5.0 stars,CA,-119.211685,"1437 S Victoria Ave,",34.261227,http://www.yellowpages.com/ventura-ca/restaurants?page=10
http://www.thaiperurestaurant.com,Ventura,Thai Peru Ventura Restaurant,93001,,(805) 643-0583,http://www.yellowpages.com/ventura-ca/mip/thai-peru-ventura-restaurant-6860272?lid=6860272,4.5 stars,CA,-119.291824,"583 E Main St,",34.280857,http://www.yellowpages.com/ventura-ca/restaurants?page=10
http://www.barrelhouse101.com,Ventura,Barrelhouse 101,93001,,(805) 643-0906,http://www.yellowpages.com/ventura-ca/mip/barrelhouse-101-474726698?lid=474726698,0.0 stars,CA,-119.29256,"545 E Thompson Blvd,",34.27825,http://www.yellowpages.com/ventura-ca/restaurants?page=10
http://www.busybeecafe.biz,Ventura,Busy Bee Cafe,93001,,(805) 643-4864,http://www.yellowpages.com/ventura-ca/mip/busy-bee-cafe-1685724?lid=1685724,0.0 stars,CA,-119.29345,"478 E Main St,",34.28085,http://www.yellowpages.com/ventura-ca/restaurants?page=10
http://www.sushihouseventura.com,Ventura,The Sushi House,93001,,(805) 643-5550,http://www.yellowpages.com/ventura-ca/mip/the-sushi-house-470850102?lid=470850102,0.0 stars,CA,-119.27352,"1127 S Seaward Ave,",34.263348,http://www.yellowpages.com/ventura-ca/restaurants?page=10
http://www.fiorerestaurant.net,Ventura,Cafe Fiore,93001,,(805) 653-1266,http://www.yellowpages.com/ventura-ca/mip/cafe-fiore-11456808?lid=11456808,4.0 stars,CA,-119.29313,"66 S California St,",34.279987,http://www.yellowpages.com/ventura-ca/restaurants?page=10
http://www.venturatoday.net/chinadynastytop.html,Ventura,China Dynasty,93003,,(805) 642-8858,http://www.yellowpages.com/ventura-ca/mip/china-dynasty-4070346?lid=4070346,4.5 stars,CA,-119.19607,"2855 Johnson Dr,",34.248356,http://www.yellowpages.com/ventura-ca/restaurants?page=10
http://www.ilovesushiventura.com,Ventura,I Love Sushi,93003,,(805) 639-4009,http://www.yellowpages.com/ventura-ca/mip/i-love-sushi-7511996?lid=7511996,4.5 stars,CA,-119.21479,"5722 Telephone Rd,",34.264996,http://www.yellowpages.com/ventura-ca/restaurants?page=10
,Ventura,Sushi Marina,93001,,(805) 643-5200,http://www.yellowpages.com/ventura-ca/mip/sushi-marina-20321536?lid=20321536,4.0 stars,CA,-119.293106,"120 S California St,",34.27913,http://www.yellowpages.com/ventura-ca/restaurants?page=10
,Ventura,Super Panda Buffet,93003,,(805) 639-0686,http://www.yellowpages.com/ventura-ca/mip/super-panda-buffet-5419879?lid=5419879,3.0 stars,CA,-119.24699,"355 S Mills Rd,",34.26913,http://www.yellowpages.com/ventura-ca/restaurants?page=10
http://www.jasminethaifusion.com,Ventura,Jasmine Thai Restaurant,93003,,(805) 658-4861,http://www.yellowpages.com/ventura-ca/mip/jasmine-thai-restaurant-3521597?lid=3521597,4.0 stars,CA,-119.212135,"1145 S Victoria Ave,",34.263298,http://www.yellowpages.com/ventura-ca/restaurants?page=10
http://www.tippsthai.com,Ventura,Tipps Thai Cuisine,93001,,(805) 643-3040,http://www.yellowpages.com/ventura-ca/mip/tipps-thai-cuisine-6204697?lid=6204697,3.5 stars,CA,-119.29294,"512 E Main St,",34.28085,http://www.yellowpages.com/ventura-ca/restaurants?page=10
http://www.hongkonginn.com,Ventura,Hong Kong Inn,93001,,(805) 648-3161,http://www.yellowpages.com/ventura-ca/mip/hong-kong-inn-7970190?lid=7970190,5.0 stars,CA,-119.293846,"435 E Thompson Blvd,",34.27825,http://www.yellowpages.com/ventura-ca/restaurants?page=10
http://www.naturesgrillventura.com,Ventura,Nature's Grill,93001,,(805) 643-7855,http://www.yellowpages.com/ventura-ca/mip/natures-grill-467720048?lid=467720048,5.0 stars,CA,-119.29208,"566 E Main St,",34.280853,http://www.yellowpages.com/ventura-ca/restaurants?page=11
http://www.octopusrestaurant.com/pb,Ventura,Sumo Japanese Restaurant,93003,,(805) 650-1122,http://www.yellowpages.com/ventura-ca/mip/sumo-japanese-restaurant-1007645?lid=1007645,5.0 stars,CA,-119.21105,"1730 S Victoria Ave,",34.258274,http://www.yellowpages.com/ventura-ca/restaurants?page=11
http://springgardenventura.com,Ventura,Spring Garden Chinese Cuisine,93003,,(805) 644-6688,http://www.yellowpages.com/ventura-ca/mip/spring-garden-chinese-cuisine-472112381?lid=472112381,5.0 stars,CA,-119.21091,"1795 S Victoria Ave,",34.2575,http://www.yellowpages.com/ventura-ca/restaurants?page=11
,Ventura,Cafe Nouveau,93001,,(805) 648-1422,http://www.yellowpages.com/ventura-ca/mip/cafe-nouveau-3757628?lid=3757628,5.0 stars,CA,-119.2786,"1497 E Thompson Blvd,",34.275993,http://www.yellowpages.com/ventura-ca/restaurants?page=11
http://www.sawasdee-thaicuisine.com,Ventura,Sawasdee Thai Cuisine,93003,,(805) 642-8879,http://www.yellowpages.com/ventura-ca/mip/sawasdee-thai-cuisine-10775623?lid=10775623,5.0 stars,CA,-119.19589,"2887 Johnson Dr,",34.248,http://www.yellowpages.com/ventura-ca/restaurants?page=11
,Ventura,Koba Sushi,93001,,(805) 653-7336,http://www.yellowpages.com/ventura-ca/mip/koba-sushi-3664272?lid=3664272,5.0 stars,CA,-119.269745,"2026 E Main St,",34.277912,http://www.yellowpages.com/ventura-ca/restaurants?page=11
,Ventura,New Panda,93004,,(805) 647-0134,http://www.yellowpages.com/ventura-ca/mip/new-panda-8233241?lid=8233241,4.0 stars,CA,-119.17236,"9284 Telephone Rd,",34.271267,http://www.yellowpages.com/ventura-ca/restaurants?page=11
http://www.rookees.com,Ventura,Rookees Sports Bar,93001,,(805) 648-6862,http://www.yellowpages.com/ventura-ca/mip/rookees-sports-bar-1967848?lid=1967848,1.0 stars,CA,-119.29441,"419 E Main St,",34.280857,http://www.yellowpages.com/ventura-ca/restaurants?page=11
,Ventura,The Iron Horse Bar & Grill,93003,,(805) 477-0783,http://www.yellowpages.com/ventura-ca/mip/the-iron-horse-bar-grill-471909214?lid=471909214,1.0 stars,CA,-119.23452,"4722 Telephone Rd,",34.260197,http://www.yellowpages.com/ventura-ca/restaurants?page=11
http://kiyokos.com,Ventura,Kiyoko Fitch Japanese Cui,93003,,(805) 218-3940,http://www.yellowpages.com/ventura-ca/mip/kiyoko-fitch-japanese-cui-456307413?lid=456307413,0.0 stars,CA,-119.198524,"2745 Sherwin Ave,",34.24893,http://www.yellowpages.com/ventura-ca/restaurants?page=11
http://www.venturapeking.com/,Ventura,Peking Chinese Restaurant,93003,,(805) 644-7777,http://www.yellowpages.com/ventura-ca/mip/peking-chinese-restaurant-3754690?lid=3754690,0.0 stars,CA,-119.21431,"5960 Telegraph Rd,",34.278057,http://www.yellowpages.com/ventura-ca/restaurants?page=11
http://www.riceonmain.com,Ventura,Rice Thai Cuisine,93001,,(805) 641-3573,http://www.yellowpages.com/ventura-ca/mip/rice-thai-cuisine-6761094?lid=6761094,0.0 stars,CA,-119.29488,"387 E Main St,",34.280857,http://www.yellowpages.com/ventura-ca/restaurants?page=11
http://www.venturaleeschinesefood.com,Ventura,Lee's Chinese Food,93003,,(805) 648-4811,http://www.yellowpages.com/ventura-ca/mip/lees-chinese-food-16001047?lid=16001047,0.0 stars,CA,-119.26081,"2673 E Thompson Blvd,",34.27248,http://www.yellowpages.com/ventura-ca/restaurants?page=11
http://www.harborsushi.com,Ventura,Harbor Sushi,93001,,(805) 639-0808,http://www.yellowpages.com/ventura-ca/mip/harbor-sushi-9749926?lid=9749926,0.0 stars,CA,-119.26584,"1575 Spinnaker Dr,",34.240887,http://www.yellowpages.com/ventura-ca/restaurants?page=11
http://www.chinapalacerestaurant.com,Ventura,China Palace Restaurant,93003,,(805) 644-6688,http://www.yellowpages.com/ventura-ca/mip/china-palace-restaurant-5977325?lid=5977325,0.0 stars,CA,-119.21102,"1795 South Victoria Avenue # 101 A,",34.25778,http://www.yellowpages.com/ventura-ca/restaurants?page=11
http://www.galbeehouse.com,Ventura,Galbee House Korean Bbq,93003,,(805) 644-0300,http://www.yellowpages.com/ventura-ca/mip/galbee-house-korean-bbq-456061464?lid=456061464,0.0 stars,CA,-119.19508,"2950 Johnson Dr,",34.247246,http://www.yellowpages.com/ventura-ca/restaurants?page=11
http://www.makiyaki.net,Ventura,Maki Yaki,93003,,(805) 652-1234,http://www.yellowpages.com/ventura-ca/mip/maki-yaki-22332921?lid=22332921,0.0 stars,CA,-119.26038,"2695 E Thompson Blvd,",34.272385,http://www.yellowpages.com/ventura-ca/restaurants?page=11
http://www.sarkujapan.com,Ventura,Sarku Japan,93003,,(805) 339-9183,http://www.yellowpages.com/ventura-ca/mip/sarku-japan-455343833?lid=455343833,0.0 stars,CA,-119.2499,"3301 E Main St,",34.266914,http://www.yellowpages.com/ventura-ca/restaurants?page=11
http://www.alabasterrestaurants.com,Ventura,Mandarin House Restaurant,93003,,(805) 654-0933,http://www.yellowpages.com/ventura-ca/mip/mandarin-house-restaurant-3427471?lid=3427471,0.0 stars,CA,-119.23805,"4020 E Main St Ste B2,",34.26318,http://www.yellowpages.com/ventura-ca/restaurants?page=11
http://www.victoriapubandgrill.com,Ventura,Victoria Pub & Grill Inc,93003,,(805) 650-0060,http://www.yellowpages.com/ventura-ca/mip/victoria-pub-grill-inc-1401727?lid=1401727,0.0 stars,CA,-119.21172,"1413 S Victoria Ave Ste F,",34.261383,http://www.yellowpages.com/ventura-ca/restaurants?page=11
,Ventura,New Kung Fu'od,93003,,(805) 658-2484,http://www.yellowpages.com/ventura-ca/mip/new-kung-fuod-451358027?lid=451358027,0.0 stars,CA,-119.21479,"5722 Telephone Rd,",34.264996,http://www.yellowpages.com/ventura-ca/restaurants?page=11
,Ventura,Kyoto Sushi,93004,,(805) 671-5000,http://www.yellowpages.com/ventura-ca/mip/kyoto-sushi-6888340?lid=6888340,0.0 stars,CA,-119.19064,"7880 Telegraph Rd,",34.281445,http://www.yellowpages.com/ventura-ca/restaurants?page=11
http://www.paddysventura.com,Ventura,Paddy's,93001,,(805) 652-1071,http://www.yellowpages.com/ventura-ca/mip/paddys-12756075?lid=12756075,4.0 stars,CA,-119.30076,"2 W Main St,",34.28107,http://www.yellowpages.com/ventura-ca/restaurants?page=11
http://www.urbanecafe.com/,Ventura,Urbane Cafe,93003,,(805) 654-1619,http://www.yellowpages.com/ventura-ca/mip/urbane-cafe-2548015?lid=2548015,4.5 stars,CA,-119.22443,"4960 Telephone Rd,",34.26359,http://www.yellowpages.com/ventura-ca/restaurants?page=11
http://www.latte101.com,Ventura,Latte 101,93003,,(805) 658-2677,http://www.yellowpages.com/ventura-ca/mip/latte-101-321065?lid=321065,4.0 stars,CA,-119.21479,"5722 Telephone Rd,",34.264996,http://www.yellowpages.com/ventura-ca/restaurants?page=11
http://www.royalbakerycafe.com,Ventura,Royal Bakery,93003,,(805) 658-6030,http://www.yellowpages.com/ventura-ca/mip/royal-bakery-456005617?lid=456005617,5.0 stars,CA,-119.23451,"4726 Telephone Rd,",34.26021,http://www.yellowpages.com/ventura-ca/restaurants?page=11
,Ventura,Cafe Bariloche,93001,,(805) 641-2005,http://www.yellowpages.com/ventura-ca/mip/cafe-bariloche-2498139?lid=2498139,4.5 stars,CA,-119.29313,"500 E Main St,",34.28085,http://www.yellowpages.com/ventura-ca/restaurants?page=11
,Ventura,Red Cove,93001,,(805) 643-1101,http://www.yellowpages.com/ventura-ca/mip/red-cove-10541403?lid=10541403,4.0 stars,CA,-119.27313,"1809 E Main St,",34.278763,http://www.yellowpages.com/ventura-ca/restaurants?page=11
http://www.palermoventura.com,Ventura,Palermo,93001,,(805) 643-3070,http://www.yellowpages.com/ventura-ca/mip/palermo-3692607?lid=3692607,5.0 stars,CA,-119.295906,"321 E Main St,",34.28085,http://www.yellowpages.com/ventura-ca/restaurants?page=11
http://ticketsus.at/yahooinc/339849.html,Ventura,Mai's Cafe,93003,,(805) 652-2061,http://www.yellowpages.com/ventura-ca/mip/mais-cafe-2403710?lid=2403710,5.0 stars,CA,-119.25813,"2815 E Main St,",34.27249,http://www.yellowpages.com/ventura-ca/restaurants?page=11
http://www.thekeynotelounge.com,Ventura,Keynote Lounge,93004,,(805) 647-9390,http://www.yellowpages.com/ventura-ca/mip/keynote-lounge-8292168?lid=8292168,4.0 stars,CA,-119.16165,"10245 Telephone Rd,",34.277554,http://www.yellowpages.com/ventura-ca/restaurants?page=12
,Ventura,Sans Souci Cocktail Lounge,93001,,(805) 643-4539,http://www.yellowpages.com/ventura-ca/mip/sans-souci-cocktail-lounge-14664295?lid=14664295,4.0 stars,CA,-119.291565,"21 S Chestnut St,",34.28059,http://www.yellowpages.com/ventura-ca/restaurants?page=12
,Ventura,O'Leary's Sidebar,93003,,(805) 644-4619,http://www.yellowpages.com/ventura-ca/mip/olearys-sidebar-4408870?lid=4408870,3.5 stars,CA,-119.204865,"6555 Telephone Rd,",34.266533,http://www.yellowpages.com/ventura-ca/restaurants?page=12
http://www.himalayacuisine.com,Ventura,Himalaya,93001,,(805) 643-0795,http://www.yellowpages.com/ventura-ca/mip/himalaya-465115250?lid=465115250,5.0 stars,CA,-119.301506,"35 W Main St,",34.28118,http://www.yellowpages.com/ventura-ca/restaurants?page=12
http://www.zoeyscafe.com,Ventura,Zoey's Cafe,93001,,(805) 652-1137,http://www.yellowpages.com/ventura-ca/mip/zoeys-cafe-3367295?lid=3367295,5.0 stars,CA,-119.29819,"185 E Santa Clara St,",34.279545,http://www.yellowpages.com/ventura-ca/restaurants?page=12
http://www.rocketfizz.com,Ventura,Rocket Fizz,93001,,(805) 641-1222,http://www.yellowpages.com/ventura-ca/mip/rocket-fizz-31198907?lid=31198907,5.0 stars,CA,-119.29467,"105 S Oak St,",34.279476,http://www.yellowpages.com/ventura-ca/restaurants?page=12
,Ventura,La Starr & Co Specialty Cakes,93003,,(805) 218-7648,http://www.yellowpages.com/ventura-ca/mip/la-starr-co-specialty-cakes-6979330?lid=6979330,5.0 stars,CA,-119.22712,"2646 Palma Dr Ste 350,",34.249134,http://www.yellowpages.com/ventura-ca/restaurants?page=12
,Ventura,Hill Street Cafe & Catering,93003,,(805) 654-1115,http://www.yellowpages.com/ventura-ca/mip/hill-street-cafe-catering-3280510?lid=3280510,5.0 stars,CA,-119.20655,"1050 S Hill Rd,",34.26674,http://www.yellowpages.com/ventura-ca/restaurants?page=12
,Ventura,Art's Corner Cafe,93001,,(805) 653-5011,http://www.yellowpages.com/ventura-ca/mip/arts-corner-cafe-19113880?lid=19113880,5.0 stars,CA,-119.27248,"1907 E Thompson Blvd,",34.274788,http://www.yellowpages.com/ventura-ca/restaurants?page=12
http://www.pierpontinn.com,Ventura,Pierpont Inn,93001,,(805) 643-6144,http://www.yellowpages.com/ventura-ca/mip/pierpont-inn-478458012?lid=478458012,4.0 stars,CA,-119.2828,"550 San Jon Rd,",34.27466,http://www.yellowpages.com/ventura-ca/restaurants?page=12
http://www.vcda.org,Ventura,The Bench Warmer,93001,,(805) 643-4303,http://www.yellowpages.com/ventura-ca/mip/the-bench-warmer-12468648?lid=12468648,4.0 stars,CA,-119.27239,"1855 E Main St,",34.2786,http://www.yellowpages.com/ventura-ca/restaurants?page=12
http://petiterevecafe.com/,Ventura,Petite Reve Cafe,93001,,(805) 641-1581,http://www.yellowpages.com/ventura-ca/mip/petite-reve-cafe-461869355?lid=461869355,4.0 stars,CA,-119.27347,"1124 S Seaward Ave,",34.26338,http://www.yellowpages.com/ventura-ca/restaurants?page=12
,Ventura,City Bowl Express II,93003,,(805) 644-8848,http://www.yellowpages.com/ventura-ca/mip/city-bowl-express-ii-1592977?lid=1592977,4.0 stars,CA,-119.23511,"4693 Telephone Rd,",34.259205,http://www.yellowpages.com/ventura-ca/restaurants?page=12
http://www.noahs.com,Ventura,Noah's Bagels,93003,,(805) 650-1413,http://www.yellowpages.com/ventura-ca/mip/noahs-bagels-5463430?lid=5463430,2.0 stars,CA,-119.21172,"1413 S Victoria Ave,",34.261383,http://www.yellowpages.com/ventura-ca/restaurants?page=12
http://www.savorycafeandbakery.com/,Ventura,Savory Cafe & Bakery,93001,,(805) 652-7092,http://www.yellowpages.com/ventura-ca/mip/savory-cafe-bakery-10125157?lid=10125157,3.0 stars,CA,-119.29441,"419 E Main St,",34.280857,http://www.yellowpages.com/ventura-ca/restaurants?page=12
http://www.jambajuice.com,Ventura,Jamba Juice,93003,,(805) 658-2813,http://www.yellowpages.com/ventura-ca/mip/jamba-juice-473826394?lid=473826394,1.0 stars,CA,-119.22443,"4960 Telephone Rd Ste 106,",34.26359,http://www.yellowpages.com/ventura-ca/restaurants?page=12
http://www.pierpontinn.com,Ventura,Austen's At The Pierpont Inn,93001,,(805) 653-6144,http://www.yellowpages.com/ventura-ca/mip/austens-at-the-pierpont-inn-480194995?lid=480194995,0.0 stars,CA,-119.2828,"550 San Jon Rd,",34.27466,http://www.yellowpages.com/ventura-ca/restaurants?page=12
http://www.cliffhouseinn.com/shoals.htm,Ventura,Cliff House,93001,,(805) 652-1381,http://www.yellowpages.com/ventura-ca/mip/cliff-house-467888098?lid=467888098,0.0 stars,CA,-119.441635,"6602 Old Pacific Coast Hwy,",34.356316,http://www.yellowpages.com/ventura-ca/restaurants?page=12
http://amigosventura.com,Ventura,Amigos Surf Cantina,93001,,(805) 874-2232,http://www.yellowpages.com/ventura-ca/mip/amigos-surf-cantina-474483575?lid=474483575,,CA,-119.29235,"546 E Main St,",34.280476,http://www.yellowpages.com/ventura-ca/restaurants?page=12
http://www.westsidecellar.com/,Ventura,Westside Cellar Cafe & Lounge,93001,,(805) 641-3500,http://www.yellowpages.com/ventura-ca/mip/westside-cellar-cafe-lounge-2343351?lid=2343351,0.0 stars,CA,-119.29741,"222 E Main St,",34.280846,http://www.yellowpages.com/ventura-ca/restaurants?page=12
http://www.socialtapventura.com,Ventura,Social Tap,93001,,(805) 667-8485,http://www.yellowpages.com/ventura-ca/mip/social-tap-474928730?lid=474928730,0.0 stars,CA,-119.273186,"1105 S Seaward Ave,",34.263546,http://www.yellowpages.com/ventura-ca/restaurants?page=12
http://www.bagelrockcoffee.com/contact.html,Ventura,Bagel Rock Coffee,93003,,(805) 648-7625,http://www.yellowpages.com/ventura-ca/mip/bagel-rock-coffee-2720257?lid=2720257,0.0 stars,CA,-119.258736,"2781 E Main St,",34.2729,http://www.yellowpages.com/ventura-ca/restaurants?page=13
http://crazydoctorcafe.com/,Ventura,Crazy Dr Cafe,93003,,(805) 643-0800,http://www.yellowpages.com/ventura-ca/mip/crazy-dr-cafe-469250306?lid=469250306,0.0 stars,CA,-119.25602,"2991 Loma Vista Rd Ste C,",34.27561,http://www.yellowpages.com/ventura-ca/restaurants?page=13
http://www.harborcovecafe.com,Ventura,Harbor Cove Cafe,93001,,(805) 658-1639,http://www.yellowpages.com/ventura-ca/mip/harbor-cove-cafe-6718126?lid=6718126,0.0 stars,CA,-119.2664,"1867 Spinnaker Dr,",34.24573,http://www.yellowpages.com/ventura-ca/restaurants?page=13
http://www.venturawineco.com,Ventura,Ventura Wine Co,93003,,(805) 642-9449,http://www.yellowpages.com/ventura-ca/mip/ventura-wine-co-455267992?lid=455267992,0.0 stars,CA,-119.23397,"4435 McGrath St,",34.254368,http://www.yellowpages.com/ventura-ca/restaurants?page=13
http://www.surfbrewery.com,Ventura,Surf Brewery,93003,,(805) 644-2739,http://www.yellowpages.com/ventura-ca/mip/surf-brewery-462490675?lid=462490675,0.0 stars,CA,-119.23109,"4561 Market St,",34.257305,http://www.yellowpages.com/ventura-ca/restaurants?page=13
http://www.stevensons.com,Ventura,Stevenson's Restaurant Equipment & Supply,93003,,(805) 650-6190,http://www.yellowpages.com/ventura-ca/mip/stevensons-restaurant-equipment-supply-492390?lid=492390,0.0 stars,CA,-119.216644,"1620 Mesa Verde Ave,",34.257195,http://www.yellowpages.com/ventura-ca/restaurants?page=13
http://www.simonescoffee.com,Ventura,Simone's Coffee & Tea,93004,,(805) 659-0860,http://www.yellowpages.com/ventura-ca/mip/simones-coffee-tea-9596039?lid=9596039,0.0 stars,CA,-119.191315,"7818 Telegraph Rd,",34.281357,http://www.yellowpages.com/ventura-ca/restaurants?page=13
http://www.cinnabon.com,Ventura,Cinnabon,93003,,(805) 642-2207,http://www.yellowpages.com/ventura-ca/mip/cinnabon-473134170?lid=473134170,0.0 stars,CA,-119.2499,"3301 E Main St Ste 1072,",34.266914,http://www.yellowpages.com/ventura-ca/restaurants?page=13
,Ventura,Lunch Box,93003,,(805) 644-3227,http://www.yellowpages.com/ventura-ca/mip/lunch-box-1280052?lid=1280052,0.0 stars,CA,-119.2432,"1605 Morse Ave,",34.259243,http://www.yellowpages.com/ventura-ca/restaurants?page=13
http://www.yolandasmexicancafe.com,Ventura,Yolanda's Corporate Office,93003,,(805) 656-6231,http://www.yellowpages.com/ventura-ca/mip/yolandas-corporate-office-3066833?lid=3066833,0.0 stars,CA,-119.23645,"1363 Donlon St Ste 20,",34.259224,http://www.yellowpages.com/ventura-ca/restaurants?page=13
http://coffeebean.com/,Ventura,The Coffee Bean & Tea Leaf,93003,,(805) 644-6000,http://www.yellowpages.com/ventura-ca/mip/the-coffee-bean-tea-leaf-16353538?lid=16353538,0.0 stars,CA,-119.2339,"4360 E Main St,",34.26245,http://www.yellowpages.com/ventura-ca/restaurants?page=13
http://coffeebean.com/,Ventura,The Coffee Bean & Tea Leaf,93003,,(805) 639-0795,http://www.yellowpages.com/ventura-ca/mip/the-coffee-bean-tea-leaf-1936979?lid=1936979,0.0 stars,CA,-119.21104,"1780 S Victoria Ave,",34.25818,http://www.yellowpages.com/ventura-ca/restaurants?page=13
http://www.robeks.com/,Ventura,Robeks Juice,93003,,(805) 644-6667,http://www.yellowpages.com/ventura-ca/mip/robeks-juice-2269732?lid=2269732,0.0 stars,CA,-119.21104,"1780 S Victoria Ave,",34.25818,http://www.yellowpages.com/ventura-ca/restaurants?page=13
,Ventura,Troy Reed's,93004,,(805) 636-8802,http://www.yellowpages.com/ventura-ca/mip/troy-reeds-471958196?lid=471958196,0.0 stars,CA,-119.17204,"672 Durham Ln Apt C,",34.279125,http://www.yellowpages.com/ventura-ca/restaurants?page=13
http://www.wineloversbar.com,Ventura,Barrel 33,93001,,(805) 652-1810,http://www.yellowpages.com/ventura-ca/mip/barrel-33-461927287?lid=461927287,0.0 stars,CA,-119.28426,"1067 E Thompson Blvd,",34.277473,http://www.yellowpages.com/ventura-ca/restaurants?page=13
,Ventura,Chanel Islands Catering,93001,,(805) 320-8273,http://www.yellowpages.com/ventura-ca/mip/chanel-islands-catering-22166757?lid=22166757,0.0 stars,CA,-119.272064,"1876 E Main St,",34.27852,http://www.yellowpages.com/ventura-ca/restaurants?page=13
,Ventura,Golden Egg Cafe,93001,,(805) 641-2866,http://www.yellowpages.com/ventura-ca/mip/golden-egg-cafe-10646739?lid=10646739,0.0 stars,CA,-119.27008,"2009 E Main St,",34.27799,http://www.yellowpages.com/ventura-ca/restaurants?page=13
,Ventura,Seaward Sushi Bar,93003,,(805) 643-5543,http://www.yellowpages.com/ventura-ca/mip/seaward-sushi-bar-1027829?lid=1027829,0.0 stars,CA,-119.26539,"34 S Seaward Ave,",34.276104,http://www.yellowpages.com/ventura-ca/restaurants?page=13
http://cottage-cafe.com,Ventura,Cottage Cafe,93003,,(805) 643-1231,http://www.yellowpages.com/ventura-ca/mip/cottage-cafe-455400547?lid=455400547,0.0 stars,CA,-119.262085,"2611 E Thompson Blvd Ste BI,",34.272736,http://www.yellowpages.com/ventura-ca/restaurants?page=13
http://coffeebean.com/,Ventura,The Coffee Bean & Tea Leaf,93003,,(805) 642-7217,http://www.yellowpages.com/ventura-ca/mip/the-coffee-bean-tea-leaf-481273337?lid=481273337,0.0 stars,CA,-119.254486,"3066 E Main St # 1066,",34.269794,http://www.yellowpages.com/ventura-ca/restaurants?page=13
http://coffeebean.com/,Ventura,The Coffee Bean & Tea Leaf,93003,,(805) 642-7217,http://www.yellowpages.com/ventura-ca/mip/the-coffee-bean-tea-leaf-1892019?lid=1892019,0.0 stars,CA,-119.24698,"363 S Mills Rd,",34.26909,http://www.yellowpages.com/ventura-ca/restaurants?page=13
,Ventura,Harbor Island Hotel Group LP,93001,,(805) 658-2000,http://www.yellowpages.com/ventura-ca/mip/harbor-island-hotel-group-lp-3906486?lid=3906486,0.0 stars,CA,-119.25922,"1050 Schooner Dr,",34.24887,http://www.yellowpages.com/ventura-ca/restaurants?page=13
http://www.mailbuoycafe.com,Ventura,Mail Buoy Cafe,93001,,(805) 658-7678,http://www.yellowpages.com/ventura-ca/mip/mail-buoy-cafe-8221065?lid=8221065,0.0 stars,CA,-119.26584,"1575 Spinnaker Dr # 105B,",34.240887,http://www.yellowpages.com/ventura-ca/restaurants?page=13
http://www.robeks.com/,Ventura,Robeks Juice,93003,,(805) 676-1330,http://www.yellowpages.com/ventura-ca/mip/robeks-juice-4456463?lid=4456463,0.0 stars,CA,-119.23451,"4726 Telephone Rd,",34.26021,http://www.yellowpages.com/ventura-ca/restaurants?page=13
http://www.cafe126.com,Ventura,Cafe 126,93004,,(805) 647-2619,http://www.yellowpages.com/ventura-ca/mip/cafe-126-5458581?lid=5458581,0.0 stars,CA,-119.157814,"11033 Citrus Dr,",34.291744,http://www.yellowpages.com/ventura-ca/restaurants?page=13
,Ventura,Cliff's & Co,93004,,(805) 566-7891,http://www.yellowpages.com/ventura-ca/mip/cliffs-co-465965918?lid=465965918,0.0 stars,CA,-119.1424,"1591 Los Angeles Ave,",34.279198,http://www.yellowpages.com/ventura-ca/restaurants?page=13
,Ventura,Nona's Courtyard Cafe,93001,,(805) 641-2783,http://www.yellowpages.com/ventura-ca/mip/nonas-courtyard-cafe-482585?lid=482585,0.0 stars,CA,-119.29313,"67 S California St,",34.27998,http://www.yellowpages.com/ventura-ca/restaurants?page=13
,Ventura,Standing Room Only Bakery & A B Espresso,93001,,(805) 643-7748,http://www.yellowpages.com/ventura-ca/mip/standing-room-only-bakery-a-b-espresso-10447840?lid=10447840,0.0 stars,CA,-119.29285,"518 E Main St,",34.28085,http://www.yellowpages.com/ventura-ca/restaurants?page=13
,Ventura,It's All Good,93001,,(805) 641-9951,http://www.yellowpages.com/ventura-ca/mip/its-all-good-13174016?lid=13174016,0.0 stars,CA,-119.29262,"533 E Main St,",34.280853,http://www.yellowpages.com/ventura-ca/restaurants?page=14
,Ventura,Vagabond Coffee Shop,93001,,(805) 643-1390,http://www.yellowpages.com/ventura-ca/mip/vagabond-coffee-shop-13218376?lid=13218376,0.0 stars,CA,-119.289085,"760 E Thompson Blvd,",34.27828,http://www.yellowpages.com/ventura-ca/restaurants?page=14
,Ventura,Barnes Seaside Coffee Company of Ventura,93001,,(805) 643-6700,http://www.yellowpages.com/ventura-ca/mip/barnes-seaside-coffee-company-of-ventura-462017309?lid=462017309,0.0 stars,CA,-119.29767,"204 E Thompson Blvd,",34.27826,http://www.yellowpages.com/ventura-ca/restaurants?page=14
,Ventura,The Ash Street Coffeehouse,93001,,(805) 643-7817,http://www.yellowpages.com/ventura-ca/mip/the-ash-street-coffeehouse-455305737?lid=455305737,0.0 stars,CA,-119.2885,"12 N Ash St,",34.280987,http://www.yellowpages.com/ventura-ca/restaurants?page=14
,Ventura,Herrera's Bakery,93001,,(805) 643-7106,http://www.yellowpages.com/ventura-ca/mip/herreras-bakery-3638531?lid=3638531,0.0 stars,CA,-119.29912,"480 N Ventura Ave,",34.287,http://www.yellowpages.com/ventura-ca/restaurants?page=14
,Ventura,Pete's Corner Cafe,93001,,(805) 643-3147,http://www.yellowpages.com/ventura-ca/mip/petes-corner-cafe-16425062?lid=16425062,0.0 stars,CA,-119.27814,"1504 E Thompson Blvd,",34.27591,http://www.yellowpages.com/ventura-ca/restaurants?page=14
,Ventura,Caffrodite,93001,,(805) 648-6005,http://www.yellowpages.com/ventura-ca/mip/caffrodite-4352365?lid=4352365,0.0 stars,CA,-119.272064,"1876 E Main St,",34.27852,http://www.yellowpages.com/ventura-ca/restaurants?page=14
,Ventura,Channel Islands Co Java Frost,93001,,(805) 648-1194,http://www.yellowpages.com/ventura-ca/mip/channel-islands-co-java-frost-18739815?lid=18739815,0.0 stars,CA,-119.27347,"1124 S Seaward Ave,",34.26338,http://www.yellowpages.com/ventura-ca/restaurants?page=14
,Ventura,Django's Coffee House,93001,,(805) 648-5467,http://www.yellowpages.com/ventura-ca/mip/djangos-coffee-house-16940378?lid=16940378,0.0 stars,CA,-119.294136,"2271 N Ventura Ave,",34.303394,http://www.yellowpages.com/ventura-ca/restaurants?page=14
,Ventura,Island Squeeze Cafe,93003,,(805) 644-4742,http://www.yellowpages.com/ventura-ca/mip/island-squeeze-cafe-466026628?lid=466026628,0.0 stars,CA,-119.2499,"3301 E Main St # K103,",34.266914,http://www.yellowpages.com/ventura-ca/restaurants?page=14
,Ventura,Hi Cees Cafe,93001,,(805) 650-7773,http://www.yellowpages.com/ventura-ca/mip/hi-cees-cafe-13646803?lid=13646803,0.0 stars,CA,-119.26587,"1591 Spinnaker Dr,",34.24126,http://www.yellowpages.com/ventura-ca/restaurants?page=14
,Ventura,Wild Cherry,93003,,(805) 644-5507,http://www.yellowpages.com/ventura-ca/mip/wild-cherry-455656459?lid=455656459,0.0 stars,CA,-119.22652,"5100 Telegraph Rd,",34.27623,http://www.yellowpages.com/ventura-ca/restaurants?page=14
,Ventura,Moon & Star Coffee Bar,93003,,(805) 644-4772,http://www.yellowpages.com/ventura-ca/mip/moon-star-coffee-bar-453554678?lid=453554678,0.0 stars,CA,-119.205605,"6477 Telephone Rd,",34.266434,http://www.yellowpages.com/ventura-ca/restaurants?page=14
,Ventura,Bob's Music Cafe,93004,,(805) 672-0051,http://www.yellowpages.com/ventura-ca/mip/bobs-music-cafe-2715223?lid=2715223,0.0 stars,CA,-119.16082,"10412 Hewitt St,",34.280598,http://www.yellowpages.com/ventura-ca/restaurants?page=14
,Ventura,Caffe Bella,93001,,(805) 643-2171,http://www.yellowpages.com/ventura-ca/mip/caffe-bella-463241143?lid=463241143,0.0 stars,CA,-119.29313,"79 S California St,",34.27982,http://www.yellowpages.com/ventura-ca/restaurants?page=14
http://www.pandaexpress.com/,Ventura,Panda Express,93003,,(805) 639-0886,http://www.yellowpages.com/ventura-ca/mip/panda-express-464696131?lid=464696131,0.0 stars,CA,-119.2499,"3301 E Main St,",34.266914,http://www.yellowpages.com/ventura-ca/restaurants?page=14
http://www.pandaexpress.com/,Ventura,Panda Express,93003,,(805) 339-0382,http://www.yellowpages.com/ventura-ca/mip/panda-express-4796213?lid=4796213,0.0 stars,CA,-119.21109,"1722 S Victoria Ave,",34.2585,http://www.yellowpages.com/ventura-ca/restaurants?page=14
http://www.cafezack.com,Ventura,Cafe Zack,93001,,(805) 643-9445,http://www.yellowpages.com/ventura-ca/mip/cafe-zack-814831?lid=814831,5.0 stars,CA,-119.283966,"1095 E Thompson Blvd,",34.277332,http://www.yellowpages.com/ventura-ca/restaurants?page=14
